,nickname,created,review,title,author,voice
0,MJ,2020-09-08 22:41,인생을 잘못 산거 같은 기분인 날 들으니 최민식 배우님이 읽어주신 두 형제의 대화가 계속 생각나고 머리는 더 복잡해지고 힘이 쭉쭉 빠집니다.  그만큼 잘 읽어주신거겠죠. 먹고 사는거 녹록치가 않지만 힘냅시다.,최민식이 읽는 이범선의 오발탄,이범선,최민식
1,후후맨,2020-06-27 02:04,우앙 목소리 찐이다!♡,최민식이 읽는 이범선의 오발탄,이범선,최민식
2,최수진,2020-06-21 21:08,"지금까지 들었던 어떤 오디오북보다 감동을줍니다. 먹먹하고, 여운이 깊네요..최민식배우님 목소리의 힘이 정말 대단합니다.",최민식이 읽는 이범선의 오발탄,이범선,최민식
3,풀각시,2020-06-18 09:12,너무 잘들었어요. 철호의 넋두리 ㅠㅠ 너무 먹먹했어요. 최민식배우의 영화가 갑자기 보고싶어지네요.  대사너무 ㅠㅠ 좋아요.,최민식이 읽는 이범선의 오발탄,이범선,최민식
4,오그리,2020-05-15 06:07,오디오북은 처음입니다 유튜브에서 우연히 최민식 배우님이 읽어주시는 오발탄을 들으며 평소 문학소설을 좋아하지않는 저도 최민식 배우님이 읽어주시는 오발탄은 꼭 완독하고 싶더군요 정말 구매한거 1도 후회없이 너무 좋았습니다 영화와는 다른느낌 머리속에서 그려지는 상황이들이 생생해서 한번에 쭈욱 듣게 되더군요맨처음 가자~ 할땐 짤방이 떠오르며 피식 웃음이 나왔지만 소설 중반부터는 가자~ 하는데 뭐라 표현할수 없는 답답한 느낌 순간 내가 철호가 되어버린... ..딸을 생각하면 마지막순간에 철호가 죽은것은 아니였으면... ...,최민식이 읽는 이범선의 오발탄,이범선,최민식
5,RKing,2020-04-21 00:17,일단 내용을 떠나서 목소리 무엇... 너무 좋잖아,최민식이 읽는 이범선의 오발탄,이범선,최민식
6,Marcus,2020-03-28 13:09,가즈아~~~~~~~가즈아!!!!!이상 인버스충들이 한강에서 외칩니다,최민식이 읽는 이범선의 오발탄,이범선,최민식
7,jdh1****,2020-02-16 23:26,,최민식이 읽는 이범선의 오발탄,이범선,최민식
8,best****,2020-02-16 05:02,한 편의 연극을 본 것 같아요..암울한 내용이지만 계속 듣게 되네요 ♡,최민식이 읽는 이범선의 오발탄,이범선,최민식
9,최일효,2020-02-10 20:26,정말 영화를 보는것만 같습니다,최민식이 읽는 이범선의 오발탄,이범선,최민식
10,영이,2019-12-09 22:39,가격이.... 너무 싼거 아니예요...ㅠㅠ 진심 만원이라고 해도 비싸다고 안느낄 퀄리티👍🏻,최민식이 읽는 이범선의 오발탄,이범선,최민식
11,Seo,2019-10-11 17:00,평생소장 구매 완료,최민식이 읽는 이범선의 오발탄,이범선,최민식
12,세상은,2019-09-29 22:51,좋네요,최민식이 읽는 이범선의 오발탄,이범선,최민식
13,롤리팝,2019-09-27 22:58,,최민식이 읽는 이범선의 오발탄,이범선,최민식
14,park,2019-09-27 14:21,완전 좋아요.,최민식이 읽는 이범선의 오발탄,이범선,최민식
15,jeke****,2019-09-24 22:44,최고입니다,최민식이 읽는 이범선의 오발탄,이범선,최민식
16,얼음꽃,2019-09-24 08:01,잘 듣고갑니다,최민식이 읽는 이범선의 오발탄,이범선,최민식
17,써니,2019-09-23 18:41,최민식 배우님이 읽어주시니 마치 영화를 보는듯 하네요~,최민식이 읽는 이범선의 오발탄,이범선,최민식
18,baxt****,2019-09-13 14:44,가즈아~!그 목소리가 정말 복합적인 슬픔을 담고 있네요..,최민식이 읽는 이범선의 오발탄,이범선,최민식
19,박선영,2019-09-09 20:31,좋았어요. 진짜 영화같았어요.,최민식이 읽는 이범선의 오발탄,이범선,최민식
20,푸른꿈,2019-08-29 18:57,"10대에 읽을 때는 공감도 안되고 하여 재미없게 읽었는데 50대에 오디오북으로 들으니 아주아주 재미있네요.특히, 최민식님의 실감나는 낭독으로 들어니 더욱 공감가고 감동이네요.강추합니다.",최민식이 읽는 이범선의 오발탄,이범선,최민식
21,제바,2019-08-29 17:03,"마음이 먹먹합니다.. 잘들었습니다. 최민식 배우님의 연기가 담긴 오디오북이라 그런지 정말 한편의 영화를 본것만같아요,,,",최민식이 읽는 이범선의 오발탄,이범선,최민식
22,imhj****,2019-08-29 16:43,나래이션도 연기도 명품입니다.몰입도가 높아서 한번에 쭈~욱 들었어요,최민식이 읽는 이범선의 오발탄,이범선,최민식
23,부레드피트,2019-08-29 16:27,영화로도 매우 좋은 고전영화였는데 최민식배우의 목소리로 원작을 듣는건 더 한층 좋군요.오발탄을 영화로 못보신분은 유투브에서 보실 수 있어요.,최민식이 읽는 이범선의 오발탄,이범선,최민식
24,뽀롱뽀롱뽀로로,2019-08-29 16:19,와...영화한편 본것같아요 감사합니다,최민식이 읽는 이범선의 오발탄,이범선,최민식
25,hoho_nk,2019-08-29 15:23,와!! 잘만든 영화 한 편 본 느낌! 꼭 들으세요! 두 번 들으세요!!,최민식이 읽는 이범선의 오발탄,이범선,최민식
26,그녀,2019-08-29 13:04,한편의 영화를본듯한기분 ... 감탄이 절로납니다 ..,최민식이 읽는 이범선의 오발탄,이범선,최민식
27,topp****,2019-08-29 10:34,우아... 역시 최민식은 최민식이네요. 그간 오디오북이 약간 단조로움이 있었다면 이번 거는 정말 좋았습니다. 다른 분들처럼 그냥 90분이 휙 가네요. ㅎㅎㅎ재미있는 시도 감사합니다!요즘 스토리?로도 들을 수 있으면 좋겠어요!,최민식이 읽는 이범선의 오발탄,이범선,최민식
28,나나,2019-08-29 09:18,푹 빠져서 들었네요.,최민식이 읽는 이범선의 오발탄,이범선,최민식
29,푸름이,2019-08-29 09:14,저 100인의 오디오북 구매가치가 있습니다 대만족,최민식이 읽는 이범선의 오발탄,이범선,최민식
30,쭈야,2019-08-29 08:53,민식.형님 목소리 너무 좋아요,최민식이 읽는 이범선의 오발탄,이범선,최민식
31,neoc****,2019-08-29 03:16,가자아~~,최민식이 읽는 이범선의 오발탄,이범선,최민식
32,미음,2019-08-29 02:29,,최민식이 읽는 이범선의 오발탄,이범선,최민식
33,나후,2019-08-29 00:55,너무너무 감사합니다. 영화 한편 본 기분이네요.,최민식이 읽는 이범선의 오발탄,이범선,최민식
34,알or유,2019-08-29 00:29,92분. 책 '오발탄' 의 시대로 나를 보냈다.,최민식이 읽는 이범선의 오발탄,이범선,최민식
35,MISTIC,2019-08-29 00:27,와 오발탄 예전에 ebs에서 한 오디오드라마도 들어봤었는데역시 최민식 배우님. 깊이가 다르네요한 편의 연극을 들은 것 같습니다.오발탄의 마지막 장면이 이렇게 여운이 깊은지 몰랐습니다.,최민식이 읽는 이범선의 오발탄,이범선,최민식
36,choi****,2019-08-29 00:21,비극적인 사회에 비극적인 삶을 잘 표현해주셨네요ᆢ정말 잘들었습니다~최고네요ㆍㄴ,최민식이 읽는 이범선의 오발탄,이범선,최민식
37,밍크,2019-08-29 00:12,너무 슬프네요..ㅠ오발탄  내인생도 오발탄같아요..,최민식이 읽는 이범선의 오발탄,이범선,최민식
38,김주연,2019-08-28 23:54,작년 수능전에 내주시지..,최민식이 읽는 이범선의 오발탄,이범선,최민식
39,쭈,2019-08-28 23:53,저절로 집중되고 감정이이입되요 ㅠㅠㅠ 진짜목소리대박,최민식이 읽는 이범선의 오발탄,이범선,최민식
40,jeeneeHA,2019-09-04 15:53,아ㅡㅡㅡㅡ한편의  드라마‥ 감동이었습니다‥ 강부자님의  백치아다다 들으러 갑니다~~,최민식이 읽는 이범선의 오발탄,이범선,최민식
41,해이,2019-09-04 03:08,너무너무 잘 들었습니다:),최민식이 읽는 이범선의 오발탄,이범선,최민식
42,진민성,2019-09-03 12:04,고3 때 ebs지문에 나와서 공부를 하면서도 정말 인상깊게 봤던 작품이네요. 최민식 배우님께서 더빙해주셔서 바로 결제했습니다. 매번 느끼는거지만 볼때마다 가슴이 먹먹해지는 작품이네요,최민식이 읽는 이범선의 오발탄,이범선,최민식
43,kozmo,2019-09-03 01:35,"이건 뭐 그 시대이니..그랬겠거니..했지만지금 현실과 별반다름 없음에 통탄,내가 지금 그런 상황인듯...하여 눈물이..",최민식이 읽는 이범선의 오발탄,이범선,최민식
44,art 5,2019-09-02 13:45,,최민식이 읽는 이범선의 오발탄,이범선,최민식
45,용기,2019-09-01 00:17,가즈아~ 가즈아~꼭 들으세요. 돈이 안 아깝습니다,최민식이 읽는 이범선의 오발탄,이범선,최민식
46,히코센,2019-08-31 14:16,최고네요~계속 다시듣고있어요다른책도 읽어주세요~~,최민식이 읽는 이범선의 오발탄,이범선,최민식
47,순심이,2019-08-31 12:26,최민식배우님의 열연으로 영화처럼 다가왔네요. 장면장면을 상상하면서 들었답니다.,최민식이 읽는 이범선의 오발탄,이범선,최민식
48,NARI,2019-08-31 09:36,진짜..귀로듣는 영화..,최민식이 읽는 이범선의 오발탄,이범선,최민식
49,소보로,2019-08-31 08:49,대배우의 연기 와... 확실히 다릅니다,최민식이 읽는 이범선의 오발탄,이범선,최민식
50,akajay,2019-08-31 01:25,와~샘플듣고 얼른 구매했습니다~연기력이 낭독에서도 뿜어나오는게 몰입도가 엄청 나서 순식간에 들었습니다.어머니랑 영호 캐릭터가 낭독자 목소리랑 제일 잘 어울리네요 ㅋㅋ,최민식이 읽는 이범선의 오발탄,이범선,최민식
51,youn****,2019-08-30 19:59,최민식배우님 연기덕분에 마치 한편의 좋은 연극을 보는것 같은느낌입니다. 꼭 들어보세요.,최민식이 읽는 이범선의 오발탄,이범선,최민식
52,Joaquin,2019-08-30 13:42,가자~~!!!,최민식이 읽는 이범선의 오발탄,이범선,최민식
53,jeke****,2019-08-29 23:42,감정이입이 넘 잘되서 가슴한켠이 답답하고 눈물이 나네요,최민식이 읽는 이범선의 오발탄,이범선,최민식
54,막시무스,2019-08-29 23:30,묵직한 목소리의 최민식님이 낭독하셔서 어머니가 아버지 같고 아내는 남편 같고 영숙이는 영호인지 철호인지 구분이 안 가지만 ^^ 나머지는 정말 완벽한 낭독이에요. 두 번 세 번 다시 듣고 싶어요.,최민식이 읽는 이범선의 오발탄,이범선,최민식
55,편군,2019-08-29 23:27,오디오북에서 이런 몰입감은 처음이네요. 오발탄... 책으로도 꼭 읽어야 겠습니다. 어머님의 한마디 가즈아...,최민식이 읽는 이범선의 오발탄,이범선,최민식
56,suji****,2019-08-29 21:42,"와.정말 대단합니다. 한명의 목소리라 믿기지않을정도로 한편의 연극, 영화를본듯합니다.역시 명배우시네요👍",최민식이 읽는 이범선의 오발탄,이범선,최민식
57,신,2019-08-29 21:26,아니 책을 듣는 건데 목소리만으로   오발탄 영화를 찍으셨다ᆢᆢᆢ믿고보는 배우 최민식,최민식이 읽는 이범선의 오발탄,이범선,최민식
58,화인,2019-08-29 21:07,너무 재미있었어요... 최민식님 최고예요.,최민식이 읽는 이범선의 오발탄,이범선,최민식
59,카르노브,2019-08-29 20:33,가자아~ 가즈아~~,최민식이 읽는 이범선의 오발탄,이범선,최민식
60,ㅈㅈ,2019-08-28 23:40,목소리쩐다.... 최민식님 계속 해주세요작품도좋은데 목소리로만들으니 오집니다,최민식이 읽는 이범선의 오발탄,이범선,최민식
61,haha****,2019-08-28 23:39,와...목소리에서 책이 보여요  두고두고 듣고 싶습니당,최민식이 읽는 이범선의 오발탄,이범선,최민식
62,오늘이야,2019-08-28 23:33,우와  제가 읽은 것과 다른 작품 같아요.    완전 작품에 녹아들게 되네요.,최민식이 읽는 이범선의 오발탄,이범선,최민식
63,ssel,2019-08-28 23:33,역시는 역시네요,최민식이 읽는 이범선의 오발탄,이범선,최민식
64,최혜리,2019-08-28 23:32,진짜...최민식님대단하십니다.,최민식이 읽는 이범선의 오발탄,이범선,최민식
65,광우주둥이,2019-08-28 23:19,최민식씨 정말 감사합니다 .. 마음이 따뜻해지네요,최민식이 읽는 이범선의 오발탄,이범선,최민식
66,아스날팬임,2019-08-28 23:19,오발탄.. 좋은 작품이죠 감사합니다.,최민식이 읽는 이범선의 오발탄,이범선,최민식
67,소정,2019-08-28 23:17,와..역시 목소리 ㄷㄷㄷ,최민식이 읽는 이범선의 오발탄,이범선,최민식
68,얼지마죽지마페니,2019-08-28 23:14,감사하다는 말만 하고 가야될거같네요고생하셨습니다,최민식이 읽는 이범선의 오발탄,이범선,최민식
69,뜯어먹는밤빵,2019-08-28 23:11,와...👍,최민식이 읽는 이범선의 오발탄,이범선,최민식
70,rich****,2019-08-28 23:05,댓글 잘 안 남기는데..어쩔수 없네요...귀로 듣는 영화 한 편 잘 들었습니다~정말 최고의 연기입니다. 고생많으셨습니다 최민식 대배우님!!,최민식이 읽는 이범선의 오발탄,이범선,최민식
71,똥숫간,2019-08-28 23:02,집중이 잘 됩니다. 역시 최민식 배우님,최민식이 읽는 이범선의 오발탄,이범선,최민식
72,초코바,2019-08-28 22:47,와~ 최민식 배우의 목소리 연기 멋집니다. 대사 등의 전달도 잘 되고 듣기도 편하네요.,최민식이 읽는 이범선의 오발탄,이범선,최민식
73,좋은날,2019-08-28 22:42,소오오오오름. 최민식님 목소리를 타고 문자속 인물들이 눈앞에 다 살아났어요,최민식이 읽는 이범선의 오발탄,이범선,최민식
74,ㅇㅇ,2019-08-28 22:06,재수생인데 제 수능특강이 이걸듣고 라디오로 변했습니다...,최민식이 읽는 이범선의 오발탄,이범선,최민식
75,감자,2019-08-28 22:00,최고에용!,최민식이 읽는 이범선의 오발탄,이범선,최민식
76,김천재,2019-08-28 21:38,너~~~~~~무 좋네요. 생생해요 아주 더 많이 듣고 싶어요 ㅠㅠ,최민식이 읽는 이범선의 오발탄,이범선,최민식
77,MISTIC,2019-08-28 21:36,와 최민식 배우님이라니 감탄,최민식이 읽는 이범선의 오발탄,이범선,최민식
78,sosohan,2019-08-28 21:31,이렇게 생생한 오디오북은 처음입니다.. 최민식 배우님 주연으로 오발탄 리메이크 해야 할 것 같아요..,최민식이 읽는 이범선의 오발탄,이범선,최민식
79,hjpe****,2019-08-28 21:25,최민식님을 여기서 뵙네요  목소리 넘 좋아요  ^^,최민식이 읽는 이범선의 오발탄,이범선,최민식
80,jjoung,2019-08-28 21:07,우와 진짜 영화보는거같아요 스크린과 다른 또 다른 매력...,최민식이 읽는 이범선의 오발탄,이범선,최민식
81,샤미누,2019-08-28 19:22,최민식이 읽어주셔서 좋았어요^^,최민식이 읽는 이범선의 오발탄,이범선,최민식
82,눈먼멜론,2019-08-28 19:11,흑백 영화로도 본 오발탄!! 명작입니다,최민식이 읽는 이범선의 오발탄,이범선,최민식
83,눈먼멜론,2019-08-28 19:10,와... 목소리와 연기...대박..역시 대배우,최민식이 읽는 이범선의 오발탄,이범선,최민식
84,K리그잘하더라,2019-08-28 17:57,이건 진짜.. 꼭 들으셔야 합니다 영화를 듣는 거 같아요,최민식이 읽는 이범선의 오발탄,이범선,최민식
85,읏짜,2019-08-28 17:37,들으면 집중 완전 될 듯!,최민식이 읽는 이범선의 오발탄,이범선,최민식
86,잠,2019-08-28 17:12,😍😍😍,최민식이 읽는 이범선의 오발탄,이범선,최민식
87,지비,2019-08-28 17:07,와 역시 대배우 몰입도 최고입니다! 특히 대화체 쩐다,최민식이 읽는 이범선의 오발탄,이범선,최민식
88,clea****,2019-08-28 15:14,가슴이 먹먹해지는 결말입니다...소설이 아니라 영화를 본 느낌이네요. 모든 장면 하나하나가 눈앞에 펼쳐지는 것 같았습니다. 잘 들었습니다!,최민식이 읽는 이범선의 오발탄,이범선,최민식
89,펜티엄,2019-08-28 15:08,그냥 단편 영화 한 편. 탁월하네요.역시 최배우!,최민식이 읽는 이범선의 오발탄,이범선,최민식
90,로미,2019-08-28 14:57,"어머니의 가자, 소리가 이토록 불쾌하게 와닿을 수 있을까요. 미쳐버린 어머니의 목소리는 요즘 시대에 치매에 걸린 어르신들이 의미없이 내뱉는 말을 듣고 있는 자식의 심정처럼 그야말로 가슴을 후벼파는 목소리였습니다. 특히 여동생이 잠결에 그런 어머니의 손을 꼭 잡으며 입을 틀어막고 흐느낄 때, 정말 제가 다 먹먹해지더군요... 이렇게 뛰어난 나레이션을 무료로 들을 수 있게 해주셔서 감사합니다.",최민식이 읽는 이범선의 오발탄,이범선,최민식
91,Seo,2019-08-28 14:44,가즈아~~~ 처음엔 빵터졌는데 정말 매력적이십니다.,최민식이 읽는 이범선의 오발탄,이범선,최민식
92,jiyu****,2019-08-28 14:02,최민식 선생님 짱입니다! 가즈아~,최민식이 읽는 이범선의 오발탄,이범선,최민식
93,이인하,2019-08-28 13:56,목소리 정말 좋으셔서 집중이 잘되네요,최민식이 읽는 이범선의 오발탄,이범선,최민식
94,Cri04,2019-08-28 13:23,최민식이란 이름을 걷어내고 들어도 새로운 느낌을 받을수있는 오디오북입니다 꼭한번 들어보시기를,최민식이 읽는 이범선의 오발탄,이범선,최민식
95,까때이로,2019-08-28 13:17,와.... 단조롭게 읽는 오디오북과 달리 이렇게 읽어주시니까 책을 읽는게 아니라 단편 영화 한 편 본 느낌이네요!,최민식이 읽는 이범선의 오발탄,이범선,최민식
96,8252****,2019-08-28 13:16,"와..... 쩐다는 표현은 이럴때 써야 되나요... 듣기만해도 영상이 그려지네요. 몰입도와 정확한 의사전달, 표현력기가맥힙니다. 성우보다 더 훨씬나은듯..",최민식이 읽는 이범선의 오발탄,이범선,최민식
97,9찌,2019-08-28 13:16,너무너무 잘 들었습니다. 감사합니다.(가즈아~  이것만 빼고.. ),최민식이 읽는 이범선의 오발탄,이범선,최민식
98,노홍,2019-08-28 13:14,민식행님 보고싶어요ㅠㅠㅠㅠ 영화는 언제 개봉 하시나요ㅠㅠㅠ,최민식이 읽는 이범선의 오발탄,이범선,최민식
99,몬디,2019-08-28 13:05,진짜 이건 대박이네요.. 몰입도 최고입니다! 어머니 '가자' 소리도 처음엔 마냥 듣기 싫었는데 계속 듣다보니 철호의 관점으로 들어지네요~,최민식이 읽는 이범선의 오발탄,이범선,최민식
100,헤공,2019-08-28 12:54,영화한편 보는것같아요~진심~최민식 배우님의 숨소리까지도 집중하게되고 목소리는 심장 떨리게 하네요,최민식이 읽는 이범선의 오발탄,이범선,최민식
101,김윤희,2019-08-28 12:54,최민식님 목소리에 소설을 읽으니 생생하게 전해져 오네요~ 너무좋아요.,최민식이 읽는 이범선의 오발탄,이범선,최민식
102,fv3uo19y,2019-08-28 12:43,수요일 마다  잘듣고있습니다,최민식이 읽는 이범선의 오발탄,이범선,최민식
103,고공비행,2019-08-28 12:32,저는 책을 좋아도하지만  최민식배우님 목소리에 반해서 구입했어요! 명배우 최민식  멋있는 남자  내생에  아름다운사람! 5인중한 분 좋은작품에서 뵙기를바랍니다. 나는 언제 최민식형님 싸인을 받을수 있을까?,최민식이 읽는 이범선의 오발탄,이범선,최민식
104,혜수맘,2019-08-28 11:38,빠져드는 목소리~  최고입니다,최민식이 읽는 이범선의 오발탄,이범선,최민식
105,올벋,2019-08-28 10:59,"우연히 듣게 되었는데, 역시 빠져들고 말게 되는군요~감사합니다.",최민식이 읽는 이범선의 오발탄,이범선,최민식
106,산들바람,2019-08-28 09:37,이건 대박이네요.... 최민식씨 연기의 깊이가 고스란히 목소리에 남네요. 감사합니다.,최민식이 읽는 이범선의 오발탄,이범선,최민식
107,최고봉,2019-08-28 08:56,가자~ 소리 너므 듣기싫네여 ㅜㅠ  목소리는 듣기 좋은데 가자소리들을때마다 눈쌀이 절로 찌뿌려지네요,최민식이 읽는 이범선의 오발탄,이범선,최민식
108,donkey34,2019-08-28 08:36,목소리 ㅠㅠ 죽인다,최민식이 읽는 이범선의 오발탄,이범선,최민식
109,지혜,2019-08-28 06:41,우어어어엉..수요일 멋진 선물 감사합니다.범접할수없는 카리스마 최민식 대배우님의 멋진 낭독잘 듣게씁니다♡,최민식이 읽는 이범선의 오발탄,이범선,최민식
110,혼자인게좋아,2019-08-28 04:16,너무좋네요. 명배우의 목소리로듣는 오디오북. 누군가책읽어주는 느낌너무좋아요.,최민식이 읽는 이범선의 오발탄,이범선,최민식
111,이승현,2019-08-28 01:05,감사합니다,최민식이 읽는 이범선의 오발탄,이범선,최민식
112,박진용,2019-08-28 00:45,와...... 다르다 진심으로,최민식이 읽는 이범선의 오발탄,이범선,최민식
113,Summer,2019-08-28 00:30,최민식씨 제일 좋아하는 배운데 오디오북으로 목소리 들으니 정말 반가워요💕,최민식이 읽는 이범선의 오발탄,이범선,최민식
114,콘짠지,2020-11-08 21:00,한예리님 연기도 잘하시는데 목소리 연기도 끝내주네요,안락,은모든,한예리
115,알파카,2020-07-26 11:03,편안한 목소리로 읽어주시니 너무 좋네요.,안락,은모든,한예리
116,아이보리,2020-07-25 02:28,한예리 배우 목소리로 듣는 안락 너무 좋네요. 전부터 목소리가 참 좋은 배우라고 생각했어요.,안락,은모든,한예리
117,ever g sky,2020-07-03 23:45,한예리 진짜 사랑해...,안락,은모든,한예리
118,mememe,2020-07-03 21:02,내용도 편안한 목소리도 모두 좋네요. 구매해서 이따금 들어야겠어요.,안락,은모든,한예리
119,늘 푸르른,2020-07-03 19:10,목소리도 내용도 좋았어요. 마지막 클립들으며 눈물도 찔끔.,안락,은모든,한예리
120,안녕,2020-07-03 15:53,모처럼 마음 편하고온기 있는 책을 만났습니다  한예리 씨 낭독도 좋았습니다,안락,은모든,한예리
121,alwj****,2020-07-03 14:04,정말 잘 들었습니다..많은 울림을 주는 책이네요..슬프지만 또 꼭 그렇지만도 않고..눈물이 나는 걸 꾹 참고 일했네요..감사합니다..,안락,은모든,한예리
122,9찌,2020-07-03 14:03,"계속 고민해 보게 되는 생각인데... 소설을 듣는동안 태어난 모든 생의 끝은 정해져 있기에.. 무섭기도 하고, 슬프기도 하고, 결연해지는 한편... 그저 숙연한 마음으로 소설속에 동참한 기분으로 마무리를 짓는 것으로..  감정을 잠시 다잡겠습니다... 계속 고민해볼 문제입니다. 정말...!",안락,은모든,한예리
123,제니,2020-07-03 02:02,우왓 디제이할때도 정말좋았는데ㅠ 목소리진짜타고난거같아요,안락,은모든,한예리
124,박민영,2020-07-02 05:10,정말 너무 좋아요...,안락,은모든,한예리
125,Saudade,2020-02-27 23:46,예리배우님 목소리 대박!,안락,은모든,한예리
126,바닐라라떼,2020-02-13 22:58,옐ㅜㅡㅜ,안락,은모든,한예리
127,won,2020-02-12 04:54,한예리 목소리 ㅠㅠㅠ,안락,은모든,한예리
128,MA,2020-02-10 22:09,좋아요,안락,은모든,한예리
129,훙훙,2020-02-10 21:27,성우님들 너무 조아요ㅜㅠ,안락,은모든,한예리
130,srhj****,2020-02-10 20:28,이 땅의 성우들이여 흥해라!,안락,은모든,한예리
131,에스텔,2020-02-10 18:46,출퇴근길에 버스에서 눈 감고 들었어요. 맑아지는 기분 ㅠㅠ 너무 좋아요!,안락,은모든,한예리
132,hannahhh,2020-01-23 23:50,한예리님 다른 책도 읽어주세요ㅠㅠㅠㅠ 목소리 너무 좋아요,안락,은모든,한예리
133,소신정직,2020-01-20 22:23,한예리님 목소리 정말 좋아요!,안락,은모든,한예리
134,waw3****,2020-11-14 17:00,잘 들었습니다. 운동할 때 가볍기 듣기 좋았어요~,블랙코미디,유병재,유병재
135,sks,2020-06-11 11:09,본인이 읽은책잌ㅋㅋ 50권이 안넘는데 ㅋㅎㅋㅎㅋㅎㅋ,블랙코미디,유병재,유병재
136,미홈,2020-06-09 09:09,유병재 역시다,블랙코미디,유병재,유병재
137,lgn,2019-11-09 02:43,잘 듣고갑니다...,블랙코미디,유병재,유병재
138,aixin,2019-11-06 13:51,듣다가 구매했다 더 듣다가 계속 웃다가 기침했다,블랙코미디,유병재,유병재
139,꾸미루미,2019-10-24 14:04,실제 작가 목소리로 듣게되니 더 좋으네요 !,블랙코미디,유병재,유병재
140,밍크,2019-10-24 12:14,유병재씨  다시봤습니다.더 멋진 사람으로 성장하셔서  많은 사람들의 모버이 되기를 바라겠습니다~^^,블랙코미디,유병재,유병재
141,skiskibaby,2019-10-24 02:52,오디오북 잘 들었습니다~ 공감가고 위트있는 내용이 많네요^^,블랙코미디,유병재,유병재
142,피그틱,2019-10-24 00:13,초심을 잃었다지만 재밌네요.,블랙코미디,유병재,유병재
143,kdhk****,2019-10-23 23:59,관심없다   ..니들의 한계임  ...조국이랑  김경수. 손혜원이  박원숭이  아들 문 딸  아들에 대해서도  깨시민 인증 해보슈용기 있음,블랙코미디,유병재,유병재
144,타잔소년,2019-10-23 23:59,너는 조국이다,블랙코미디,유병재,유병재
145,읏짜,2019-10-23 23:45,역시 유병재는 풍자잼~,블랙코미디,유병재,유병재
146,요고지리,2019-10-23 23:42,양현석 문재인 풍자 코미디는 언제하냐,블랙코미디,유병재,유병재
147,노을,2019-10-23 23:33,유병재 ㅋㅋㅋㅋㅋ,블랙코미디,유병재,유병재
148,진짜보수더불어민주당,2019-10-23 23:24,유병재가 부러우면 부럽다 말해라 백수들아 유병재보다 못한것글이 참 말들이 많아,블랙코미디,유병재,유병재
149,샤넬걸,2019-10-23 23:12,너는 빨개요~,블랙코미디,유병재,유병재
150,Flowerstar,2019-10-23 23:10,유병재화이팅,블랙코미디,유병재,유병재
151,Ssgss,2019-10-23 23:07,병재형 왜 그동안은 조용히 있었던거야? 이제 판단이랑 계산 끝난거야?,블랙코미디,유병재,유병재
152,건우애비,2019-10-23 22:37,이인간 이런걸 하는구나. 정의 코스프레 하는 인간은 좀 네이버에서 걸러야 하지 않을까요?,블랙코미디,유병재,유병재
153,나의열정,2019-10-23 22:35,조국에 대해서 블랙코미디로 이야기 좀 해주세요,블랙코미디,유병재,유병재
154,피그틱,2019-10-23 06:46,출근하다가... 유병재? 하고 들어와 봤는데요. 직접 녹음한거네요. 코미디쇼 보는거 같고 재밌어요.,블랙코미디,유병재,유병재
155,더듬이,2019-10-23 00:50,오디오북 내기에는 너무 발음이 안좋으시네요... 자막이 필요한 수준인데,블랙코미디,유병재,유병재
156,rohm****,2019-10-22 20:58,책으로만 보다가 오디로북으로 들으니 좀 더 재미있는것 같네요.. 잘 듣겠습니다.~ ^^,블랙코미디,유병재,유병재
157,하늘하늘,2019-10-22 20:13,"유병재 목소리 괜찮네요, 발음 별로 안좋을줄 알았는데 본인이 쓴책이라 그런지 토크하는 느낌으로 자연스러워요",블랙코미디,유병재,유병재
158,이종성,2019-10-22 19:54,오~ 오디오북도 있었네요.유병재님 목소리로 들으니 더 편하고 친근하게 느껴집니다.앱도 설치하고 대여해 보겠습니다.,블랙코미디,유병재,유병재
159,태암,2019-10-22 19:26,유병재님 너무 좋아요. 본인 목소리로 들으니 더 좋은데요~~ 개념 연예인이자 브레인. 유병재님을 응원합니다~~!!,블랙코미디,유병재,유병재
160,콜리의 하루,2019-10-22 19:12,유병재 목소리가 너무 멋있네요 목소리의 진지함에서 노력이 느껴지네요 잘 들을게요 ㅎ,블랙코미디,유병재,유병재
161,매일의 기분,2019-10-22 19:00,,블랙코미디,유병재,유병재
162,Modesty,2019-10-03 20:30,파일이 너무 나뉘어있네요;;;,블랙코미디,유병재,유병재
163,여름즙,2019-10-01 17:18,'똥' 발음이 너무 좋아요.,블랙코미디,유병재,유병재
164,조수연,2019-10-23 22:27,솔찍히 궁금해서 작년에 책으로 사서 읽었는대 이렇게 라디오로 해주니 좋네,블랙코미디,유병재,유병재
165,superboybabycomeonyo,2019-10-23 22:23,내용은 어떤가요 요즘 세태 조국의 풍자가 있나요 ? 돈내고 듣긴싫은데 누가 스포좀 해주셈,블랙코미디,유병재,유병재
166,김근석,2019-10-23 22:20,대가리 꼬라지하고는 ㅉ ㅉ,블랙코미디,유병재,유병재
167,박종열,2019-10-23 22:04,우습네 위선자,블랙코미디,유병재,유병재
168,aaa,2019-10-23 21:53,이딴 쓸데없는거 듣는사람있음? 아참 머리텅텅빈 대때문이나 듣겠지 ㅋㅋㅋㅋㅋ,블랙코미디,유병재,유병재
169,경호사,2019-10-23 20:38,책 얘기하고 있는데 딴소리하는 댓글수준... ㅉㅉ,블랙코미디,유병재,유병재
170,다음,2019-10-23 16:26,'웨욕헤 풍자안하는게 아니라 이보다는 더 재밌을순 없어 못하는거지' 라면서 악플다는 나를 보았다.,블랙코미디,유병재,유병재
171,vytp****,2019-10-23 15:52,지금은 아가리 꾹 다물고 계시는 그분이네요 ㅋㅋㅋㅋ 깔게 천지입니다 좀 까세요. 밥 벌어먹고 사셔야죠 ㅋㅋㅋ,블랙코미디,유병재,유병재
172,Dongdong,2019-10-23 15:44,왜이렇게 발음이 새고 뭉개지나요.. 돈받고 파는거면 잘못읽은 부분은 다시 읽어야 했을텐데요. 무료일때 한번 들어보니 안사길 잘했다 싶네요.,블랙코미디,유병재,유병재
173,벼락부자되고싶어,2019-10-23 15:26,우리 병재 블랙 코미디는 무슨 ㅋㅋㅋㅋㅋㅋ나름 블랙 코미디라곤 하지만 그는 블랙 코미디 따위는 못하는 자였다고 한다.....,블랙코미디,유병재,유병재
174,코로니,2019-10-23 15:12,채널 돌리게 하는분이시네요. 특정인에게만 정의를 외치는,블랙코미디,유병재,유병재
175,몰바,2019-10-23 15:06,ㅋㅋ 정의로운척 조온나 하더만 조국땐 조용하죠?이분이랑 김X동 요즘 SNS 접었나? ㅋㅋㅋㅋ 순실이누나 유라누나 미안해!,블랙코미디,유병재,유병재
176,덕담,2019-10-23 13:48,ㅋㅋㅋㅋㅋㅋㅋㅋㅋㅋㅋㅋㅋㅋㅋㅋㅋㅋㅋㅋㅋㅋㅋㅋㅋㅋㅋㅋㅋㅋㅋㅋ,블랙코미디,유병재,유병재
177,카핥,2019-10-23 13:12,요즘 조용하죠 ㅋㅋㅋㅋㅋ 왜그럴까여ㅋㅋㅋㅋㅋㅋㅋㅋ,블랙코미디,유병재,유병재
178,you,2019-10-23 11:34,유병재님 목소리로 들으니 더 좋네요. 특유의 화법과 웃음가운데 뼈가있는 책 내용이 잘 어울려요. 잘 듣겠습니다.,블랙코미디,유병재,유병재
179,너호,2019-10-23 11:13,전정권에서 '만' 시끄럽던 분이시네요. 그 쪽 티비나오면 채널 돌려요^^ 위선자 같아서,블랙코미디,유병재,유병재
180,Lostel,2019-10-23 10:58,유병재가 읽어주니까 재밌네요 추천 ㅋ,블랙코미디,유병재,유병재
181,MJ,2019-10-23 10:30,산 사람은 살아야지.부끄럽지 않게.어쩐지 흔히 주변에서 듣거나 볼 수 있을 법한 멘트가 나름 인생 모토로 삼아도 될것만 같은 느낌이 드는 명대사로 느껴지게 해주는 유병재 마법이 걸려있는 책.저자의 목소리로 듣는다는 것도 신선하네요.,블랙코미디,유병재,유병재
182,금메달,2019-10-23 09:36,"피식 웃음이 나오는 대목도  있고, 씁쓸하지만 공감가는 대목도 있고 좋았습니다.",블랙코미디,유병재,유병재
183,딩글딩글,2019-10-23 08:06,한동안 잠잠하더니 이런거 하는구나.,블랙코미디,유병재,유병재
184,읏짜,2019-11-01 16:54,Simple is the best!,일 잘하는 사람은 단순하게 합니다,박소연,전해리 외 1인
185,류혜준,2020-02-26 01:28,목소리가 너무 좋습니다...♥️,나조차 나를 사랑하지 못하고 (성진환),변종모,성진환
186,멍So녀,2020-02-12 13:47,목소리 너무 좋아요❤,나조차 나를 사랑하지 못하고 (성진환),변종모,성진환
187,owltisle,2020-11-07 20:50,낭독자분이 재미있게 잘 읽어주셔서 너무 좋아요. 오디오북은 낭독자분의 역량도 중요한 것 같아요.,빨강머리 앤 초록지붕 집 이야기,루시 모드 몽고메리,이지혜
188,hosi****,2020-09-05 11:55,길버트vs엔 셜리,빨강머리 앤 초록지붕 집 이야기,루시 모드 몽고메리,이지혜
189,hosi****,2020-09-05 11:52,우낌,빨강머리 앤 초록지붕 집 이야기,루시 모드 몽고메리,이지혜
190,hosi****,2020-09-05 11:51,재밌어요,빨강머리 앤 초록지붕 집 이야기,루시 모드 몽고메리,이지혜
191,sgs1****,2020-09-02 07:58,무료듣기하다가 더듣고싶어져서 아야구매하기로했어요어릴때 핸드북으로보던 느킴으로...,빨강머리 앤 초록지붕 집 이야기,루시 모드 몽고메리,이지혜
192,suga****,2020-08-31 10:23,주말내내 틈틈이 얼마나 잘 들었는지요. 낭독자님의 연기덕에 정말 몰입이 잘되고 행복한 시간이었어요. 두번째 앤의 이야기도 구매하려구요. 미야지키 하야오의 빨간머리앤이 워낙 어린시절 선명해서 정말 더 빠져들었어요. 감사합니다.,빨강머리 앤 초록지붕 집 이야기,루시 모드 몽고메리,이지혜
193,별,2020-08-31 09:55,우와 긴 시간이지만 길다고 생각지 않고 푹 빠져서 읽었네요~ 앤의 일대기를 다시금 듣고 떠올릴 수 있어서 좋았어요^^,빨강머리 앤 초록지붕 집 이야기,루시 모드 몽고메리,이지혜
194,owltisle,2020-08-30 20:03,린드 부인이 잘못한건데. 앤 불쌍하네. 대놓고 앞에서 못생겼다고 말하는 사람이 먼저 잘못한거지.,빨강머리 앤 초록지붕 집 이야기,루시 모드 몽고메리,이지혜
195,아임만복,2020-08-30 13:51,유튜브랑  목소리가 똑 같아요~^^어쩜 이렇게 똑같게 읽어시는지 대단하셔요~^^밝고 긍정마인드 아가씨 앤 소장해야겠어요훗날 나이 들어서 또 들어도 좋을거 같아요감사합니다,빨강머리 앤 초록지붕 집 이야기,루시 모드 몽고메리,이지혜
196,삼관,2020-08-30 00:47,낭독자님 발음 약간 여다경 엄마 같음ㅋㅋㅋ,빨강머리 앤 초록지붕 집 이야기,루시 모드 몽고메리,이지혜
197,ej,2020-08-30 00:25,"주근깨 빼빼마른  빨강머리앤~추억의 애니메이션음악이 생각나네요~중년이 된 지금, 그때의 풋풋하고 사랑스런 앤을 다시금 떠올려봅니다",빨강머리 앤 초록지붕 집 이야기,루시 모드 몽고메리,이지혜
198,수달,2020-08-29 22:12,앤의 사랑스러움에 미소가 절로 지어지네요😊 항상 좋은 작품 만나게 해주셔서 감사합니다💜,빨강머리 앤 초록지붕 집 이야기,루시 모드 몽고메리,이지혜
199,고앵,2020-08-29 19:07,감사히 들을께용,빨강머리 앤 초록지붕 집 이야기,루시 모드 몽고메리,이지혜
200,마왕폐하,2020-08-29 17:39,빨강머리 앤 초록지붕 집 이야기는 집에 책으로 있어서 빨강머리 앤 에이번리 이야기 오디오북만 구매 했는데 무료듣기로 초록지붕 집 이야기를 듣다보니 이 오디오북도 구매해서 자주 듣고 싶네요. 낭독자님 덕분에 몰입해서 듣게 되네요.,빨강머리 앤 초록지붕 집 이야기,루시 모드 몽고메리,이지혜
201,러닝,2020-08-29 13:41,느므 좋아요~,빨강머리 앤 초록지붕 집 이야기,루시 모드 몽고메리,이지혜
202,볼치나,2020-08-29 11:04,최고의 낭독인것같아요~너무 재미있게 듣고 있습니다~^^,빨강머리 앤 초록지붕 집 이야기,루시 모드 몽고메리,이지혜
203,tjsf****,2020-08-29 09:57,2회때 앤을 처음 만났는데 상상력으로 자신을 치켜세우는 모습에 대단하다고 생각이 들고 감정이 풍부하고 감사해하고 긍정적으로 생각하는 모습에 눈물이 나요ㅜㅜ..,빨강머리 앤 초록지붕 집 이야기,루시 모드 몽고메리,이지혜
204,좋좋아하니까,2020-08-29 04:02,낭독 너무 재밌어요. 책으로 읽을때랑은 또 느낌이 다르네요. 이지혜 배우님 팔색조세요? 이걸 다 한 사람이 했다니.. 대박! 앤 조잘조잘 말하는 거 너무 웃기고 귀여워요. 저도 어릴때 앤처럼 상상은 많이 했는데 말로 뱉지는 못했거든요. 앤은 참 어린데도 말을 조리있게 잘 해서 어른이 된 제가 많이 배웠어요. 잘 들었습니다.,빨강머리 앤 초록지붕 집 이야기,루시 모드 몽고메리,이지혜
205,토마,2020-08-29 03:28,연기가 너무 좋아요.,빨강머리 앤 초록지붕 집 이야기,루시 모드 몽고메리,이지혜
206,김송현,2020-08-29 00:30,근데 목소리연기는 엄청 잘하시네 좀만 덜 쉬었어도 역대급 낭독인데,빨강머리 앤 초록지붕 집 이야기,루시 모드 몽고메리,이지혜
207,Look,2020-08-29 00:14,앤 이야기는 역시 그린게이블즈 앤이 가장 재밌는 것 같아요. 사랑하는 앤❤,빨강머리 앤 초록지붕 집 이야기,루시 모드 몽고메리,이지혜
208,요요와꾸,2020-08-29 00:10,14시간 도전!!,빨강머리 앤 초록지붕 집 이야기,루시 모드 몽고메리,이지혜
209,ine0****,2020-08-14 09:23,앤의 목소리가 많이 쉬었네요ㅋㅋㅋ,빨강머리 앤 초록지붕 집 이야기,루시 모드 몽고메리,이지혜
210,천사,2020-07-30 21:40,전23화 다운로드 되있어요.오류 아닐까요?,빨강머리 앤 초록지붕 집 이야기,루시 모드 몽고메리,이지혜
211,NIGHT FLIGHT 04,2020-07-28 22:27,23화 다운로드가 안되는데 혹시 저만그런가요?,빨강머리 앤 초록지붕 집 이야기,루시 모드 몽고메리,이지혜
212,똘똘이,2020-07-02 21:44,ㅎㅎㅎㅎㅎ,빨강머리 앤 초록지붕 집 이야기,루시 모드 몽고메리,이지혜
213,천사,2020-06-25 22:36,정말 성우님 목소리가 좋아요^^저도 잠잘때 듣기 좋아요.항상 성우님 목소리만 들으면 잠이 잘오더라고요.,빨강머리 앤 초록지붕 집 이야기,루시 모드 몽고메리,이지혜
214,똘똘이,2020-06-21 21:56,잠잘때 듯기 좋다,빨강머리 앤 초록지붕 집 이야기,루시 모드 몽고메리,이지혜
215,아봉아봉,2020-04-10 17:00,정말 성우님 배우님~ 앤의 어린목소리 또한 딕션 완벽해서 스르르르 빠져듭니다 ~ 책도 있는데 오디오북을 더 추천합니다 ~~ 상상하며 듣는 앤~ 프린스 에드워드 섬에 가있는거 같아요 무조건 사서 들으세요 추천!!!,빨강머리 앤 초록지붕 집 이야기,루시 모드 몽고메리,이지혜
216,뽀샤샤,2019-08-31 12:25,어린시절부터 지금까지 가장 좋아하는 캐릭터중 한명인 앤!  오디오북이 나왔길래 별 기대없이 구매했는데 기대이상이에요. 낭독자가 이지혜님이라고 되어있는데 정말 캐릭터별로 너무 맛깔나게 읽어주셔서 몰입이 너무 잘되고 앤이 매튜를 만나 돌아오는 마차안에서 조잘조잘 하는 부분을 들었을 땐 너무 사랑스럽다 생각이 들었다가 저도 모르게 눈물이 나더라구요. 앤이 밝게 아무렇지 않은듯 말하지만 너무 불행한삶을 살아온게 느껴졌어요.그만큼 낭독자님이 몰입하게 해주시네요.책은 종이책으로 읽어야한다는 구식사람이지만 오디오북만의 매력이 또 있네요.,빨강머리 앤 초록지붕 집 이야기,루시 모드 몽고메리,이지혜
217,읏짜,2019-07-26 03:46,빨강 머리 앤~ 귀여운 소녀~ 빨강 머리 앤~ 우리의 친구!,빨강머리 앤 초록지붕 집 이야기,루시 모드 몽고메리,이지혜
218,Jye,2020-06-04 21:39,좀머 씨 이야기를 오디오북을 통해서 듣다니 좀머씨의 기이한 느낌이 더 강하게 느껴지는 것 같아요! 어린 아이의 시각에서 들으니 신비로운 느낌의 전달이 더 잘 된달까요. 또박또박하면서도 앳된 유석님의 목소리와 책의 분위기가 잘 어울리네요. 파트리크 쥐스킨트의 다른 명작도 오디오북으로 들을 수 있길 기원해봅니다 ٩(๑•̀o•́๑)و,좀머 씨 이야기,파트리크 쥐스킨트,유석
219,고솜돝,2020-06-04 20:42,"집에 두고 계속해서 읽는 책, 읽었던 책을 오디오북으로 듣는다는 건 꽤 특별한 경험이네요. 주인공의 목소리도 좀머씨의 목소리도 상상과 꽤 비슷해서 재밌었습니다^^",좀머 씨 이야기,파트리크 쥐스킨트,유석
220,공중부양,2020-06-04 15:59,예전에 책으로 읽었는데 오랜만에 목소리로 들으니 또 새롭네요 .좋은 책은 시간이 흘러도 다시 읽으면 새로운 감동을 만날수 있는것 같아요.어릴적에 읽었던 책 다시 만나니 예전 기억도 나고 좋네요,좀머 씨 이야기,파트리크 쥐스킨트,유석
221,cheese,2020-06-04 08:52,"'날 좀 내버려 두시오!!'쓸쓸하면서도 신경질 섞인 좀머씨의 외침이 메아리칩니다. 소리를 상상했는데 유석 성우님 목소리로 들으니 느낌이 팍 옵니다. <좀머씨 이야기>는 장자크 쌍페 그림이 예뻤던 동화책, 동화라기엔 뭔가 심오하고 쓸쓸한 느낌을 받은 책입니다. <향수>를 읽고 <좀머씨 이야기>가 파트리크 쥐스킨트의 작품인 것을 알고 나서야 왜 그런 느낌을 받았는지 실마리가 풀렸습니다. 20년이 지난 지금 그의 외침이 다르게 들립니다. '도와줘' '살려줘' 진심으로 아픔에 공감하는 한 사람이 있었다면 결말이 달라졌을까요?",좀머 씨 이야기,파트리크 쥐스킨트,유석
222,딸기우유,2020-06-04 07:50,재미있어요,좀머 씨 이야기,파트리크 쥐스킨트,유석
223,샤넬,2020-06-04 00:07,너무 좋네요 이렇게 많은 오디오북이 생겨서 시각장애인에게 많은 경험을 주면 좋겠어요,좀머 씨 이야기,파트리크 쥐스킨트,유석
224,플럼,2020-06-03 22:24,어릴적 집 책장에서 얇고 삽화가 많이 있는 책이라 책장을 펴게된 좀머 씨 이야기는 나이가 훌쩍 먹게된 지금까지도 손꼽게 좋아하는 책이예요. 저는 96년의 24쇄 책을 소장중입니다. 어린 시절에는 삽화가 마음에 들어서 완독 했고 성인이 된 지금은 좀머씨의 마음이 어떨지 조금더 생각하게 되네요. 몇달 전 홍대 상상마당에서 장 자크 상페의 삽화 엽서를 파는데 좀머씨 이야기안 삽화가 있어 반가운 마음에 샀는데 이제는 세월이 지나 오디오북까지 나오다니! 반가운 마음에 들어 봅니다. 시간이 지나도 어떤 형태로든 가치가 빛바라지 않는 책입니다.,좀머 씨 이야기,파트리크 쥐스킨트,유석
225,숙녀라면,2020-06-03 22:17,너무 유명한 책은 명성때문인지 책에 손이 잘 안가더라고요. 그래서 <좀머 씨 이야기>도 언젠가는 읽겠지라며 손을 안 댔었어요. 그런데 귀에 쏙쏙 들리는 목소리로 읽어주시는 성우님 덕분에 이 책이 새롭게 다가왔어요. 그동안의 편견을 깨어주셔서 감사해요.  저는 좀머 씨에 대한 이야기보다 주인공의 자잘한 에피소드가 재밌었어요. 특히 피아노 선생인 미스 풍켈의 “이게 올림바야”는 오래 기억될 것 같아요. 코딱지가 묻은 건반을 끝내 치지 않은 주인공의 용기가 대단했어요. 귀로 들은 감동을 이제 눈으로 느껴보고 싶네요.,좀머 씨 이야기,파트리크 쥐스킨트,유석
226,해피북웜,2020-06-03 22:15,Hump day Wednesday ~ 요즘 일이 많아 눈이 너무 아파서 책도 못 읽고 있었는데 귀로 들어 즐거워요 ~ 감사합니다,좀머 씨 이야기,파트리크 쥐스킨트,유석
227,홍이,2020-06-03 21:07,너무 다시 보고싶엇던 <좀머씨이야기>라서 처음 오디오북을 들어봤어요! 학창시절 재미있게 읽었던 기억이 있는데 이렇게 오디오북으로 들으니 또 다른 느낌이네요! 조만간 책으로도 다시 읽어봐야겠어요,좀머 씨 이야기,파트리크 쥐스킨트,유석
228,슈 고,2020-06-03 20:07,하루 한책의 수요일 무료오디오 덕분에  소장하고 싶은 책들을 미리 만날 수 있어서 좋네요.아이들이 장자크 상뻬의 그림중 꼬마 니콜라와 얼굴이 빨개지는 아이를 좋아해요.집에 파트리크 쥐스킨트의 <승부>책을 보더니 단박에 알아보며 반가워하더라구요.고학년  아들과 함께 오늘 저녁은 좀머씨 이야기를 듣고 있어요.지금 전나무 타는 얘기 하는데 자기랑 비슷하다며 재미있다고 하네요.,좀머 씨 이야기,파트리크 쥐스킨트,유석
229,안녕수아씨,2020-06-03 19:29,"요즘 오디오북을 주방에서 일할 때 듣고 있어요..계속 눈여겨보던 좀머씨 이야기가 오디오북으로 오라와서 부랴부랴 듣고 있어요~~^^이야기를 읽어주시는 성우분의 목소리가 밝아서 듣는데 처지지 않고 넘 좋더라구요..좀머씨에 대한 이야기를 하려고 들어가기 전, 나는 이야기를 하는데 넘 재미있었어요..외투를 안 열어서 나는 모습을 못 보여줬다니~~^^좀머씨 이야기가 어찌 진행될지 기대됩니다~~^^",좀머 씨 이야기,파트리크 쥐스킨트,유석
230,제이맘,2020-06-03 17:41,평소에 책은 종이책만 읽는 편입니다^^ 열린책들 인스타보구 좋은기회다 싶어서 오디오북을 접했는데.. 상상의 나래를 펼치는 것은 오디오북도 종이책 못지 않네요^^ 소년같은 성우분의 목소리가 이야기와 잘 어우러져서 영화보는 거 마냥 푹빠져 들었습니다^^ 직접 읽는것과 듣는 것이 이렇게 다를 수 있다니. 정말 좋았습니다^^ 어릴적 한번쯤은 직접 읽었을 좀머씨이야기 이번엔 귀로 만나보세요^^,좀머 씨 이야기,파트리크 쥐스킨트,유석
231,하니,2020-06-03 17:29,아주 예전에 두 번인가 읽었던 소설이예요. 오디오북으로 다시 읽으니 묘사와 표현들이 새록새록 떠오르네요. 딱 어울리는 음성이라 더 좋아요.,좀머 씨 이야기,파트리크 쥐스킨트,유석
232,신대성,2020-06-03 16:10,좋은 책을 널리 알리고 보급하려는 출판의 노력에 감사하는 마음을 보내 드립니다.,좀머 씨 이야기,파트리크 쥐스킨트,유석
233,yeon,2020-06-03 15:59,고등학교때 파트리크 쥐스킨트 깊이에의강요 정말 인상깊게 읽었어요 좀머씨이야기도 읽고싶었는데 오디오북으로 접하니까 색다르고 정말 좋네요 열린책들 감사합니다^^,좀머 씨 이야기,파트리크 쥐스킨트,유석
234,fals****,2020-06-03 15:57,"좀머 씨 이야기, 어릴 적 읽고 여전히 마음에 담아두고 마음이 어려울 때마다 기억에서 꺼내드는 소설입니다. 항상 새로운 형태로 희망을 주거든요. 이렇게 오디오북으로 만나게 되어 반갑습니다. 낭독자의 목소리도 차분하니 너무 좋습니다.",좀머 씨 이야기,파트리크 쥐스킨트,유석
235,tufj****,2020-06-03 14:29,"아 정말 반가운 소식이네요~ 학창시절에 재미있게 읽었던 좀머씨 이야기~ 라디오 광고도 많이 했었어요. ""나를 그냥 좀 내버려 두란 말이오"" 였나요?학창시절에 읽었던 좀머씨 이야기를 오디오북으로 만나니 왠지 감회가 새롭습니다~ㅎㅎ성우님 목소리도 정말 좋고요~ 같은 이야기를 다른 시대에 읽는 것 또한 흥미롭네요~기대되는 오디오북입니다~!!^^",좀머 씨 이야기,파트리크 쥐스킨트,유석
236,진화중,2020-06-03 13:46,정말 추억 속의 작품이네요. 20년 정도 전에 읽었던 것 같은데.. 그 당시 사회 분위기와 잘 맞아 떨어져서 더 인상적인 부분이 있었던 것 같아요. 오디오북과도 잘 맞는 내용이라 잘 나온 거 같아요.,좀머 씨 이야기,파트리크 쥐스킨트,유석
237,520y****,2020-06-03 12:52,열린책들 정말 복 받으실겁니다. 감사합니다~,좀머 씨 이야기,파트리크 쥐스킨트,유석
238,스텔라,2020-04-27 09:33,어린 시절로 다시 돌아가는 듯한 느낌이네요 ㅎ 성우 목소리가 소년소년스러워서 귀기울여 듣게 됩니다~,좀머 씨 이야기,파트리크 쥐스킨트,유석
239,artm****,2020-06-03 12:50,"제가 정말 좋아하는 책, '좀머 씨 이야기'가 오디오북으로도 나왔네요! 책 제목은 오래전부터 들어왔지만 실제로 들은건 재작년 이맘때쯤이었어요. 이북으로 처음 접한 책은 삽화만큼이나 인상깊은 내용이었죠. 동화같지만 철학적인 내용에 순식간에 읽어내려갔어요. 재작년 직장 스트레스로 육체적 병을 얻고 정신적으로도 무너져 가던 때, 좀머 씨에게 작은 위로를 받았던 것을 지금도 기억합니다. 그때 일을 쉬며 집에서 읽었던 책 중 가장 기억에 남는 것 중 하나인 '좀머 씨 이야기'를 종이책으로도 꼭 읽어보고 싶습니다! 다시 제게 위로가 되어주세요",좀머 씨 이야기,파트리크 쥐스킨트,유석
240,Mignon,2020-06-03 12:09,"최근 관심이 가 책을 사서 읽어보려했는데, 마침 무료 듣기를 통해 먼저 들어보니 좋네요 ㅎㅎ책을 넘기며 읽는 것도 좋지만, 이렇게 오디오 클립으로 듣는 것도 다른 매력이 느껴지네요!성우분 목소리도 분위기와 잘 어우러져서 좋았어요:) 조만간 책도 구매해서 다시 읽어 봐야겠습니당.",좀머 씨 이야기,파트리크 쥐스킨트,유석
241,Hyo,2020-06-03 12:07,이런 명작을 무료듣기로 공유해주시다니!! 열린책들 복받으세요🥰 오디오북 잘 안들리는 경우도 많던데 낭독자님 목소리도 책과 잘어울리고 발음도 또박또박 넘 좋아요🧡 운전할 때 한꼭지씩 들으면 넘 좋을거 같습니다! 음악 듣는 것보다 더 유익한 시간이 될 것 같네요😎 앞으로 출시되는 오디오북도 기대하겠습니다!!!👍,좀머 씨 이야기,파트리크 쥐스킨트,유석
242,Youngshin,2020-06-03 11:51,제가 존경하는 선생님께서 꼭 읽어보라고 추천해주셨는데 차일피일 미루기만 했던 책입니다.  오디오 클립으로 꼭!! 들어봐야겠습니다. 이동시간이 많은 제게 너무 좋은 기회네요. 야호~~~:D,좀머 씨 이야기,파트리크 쥐스킨트,유석
243,보라보라,2020-06-03 11:40,"좀머씨 이야기를 오디오를 들으니 너무 새롭네요!  또, 학창시절 읽었었는데  마치 처음 읽는 느낌은 뭘까요 ^^이런 이벤트 열어주셔서 감사해요. 미메시스뮤지엄을 좋아하는 1인으로 더 반갑네요 ^^",좀머 씨 이야기,파트리크 쥐스킨트,유석
244,양경숙,2020-06-03 10:57,제목이 익숙해서 읽었다고 착각한 책중 하나네요. 차분한 목소리에 집중되니 너무 좋아요. 유머도 있고 나의 어린시절도 생각나는 이야기에 미소가 지어지네요. 듣는 책. 사실 좀 생소했는데 이번 기회에 듣는 책도 매력적인데요.,좀머 씨 이야기,파트리크 쥐스킨트,유석
245,장은서,2020-06-03 10:51,좀머씨 이야기 정말 너무오랜만이네요.. 고등학교때 읽었던 기억이 나는데 성인이 되어 다시 듣게된 좀머씨 이야기는 감회가 새롭네요. 그때는 이해가 안되는 부분도 많고 스킵하고 의미없이 넘기던 책장이 많았는데 지금은 그 모든 부분이 이해가기도하고 공감가기도 하네요. 오랜만에 들을수있어 좋았습니다.,좀머 씨 이야기,파트리크 쥐스킨트,유석
246,ugogirl,2020-06-03 10:35,반가운 좀머 씨 이야기를 오디오북으로 들으니 감회가 새롭습니다. 내 아이에게도 들려주고 싶은 책이에요. 🙋🏼,좀머 씨 이야기,파트리크 쥐스킨트,유석
247,정민다현워킹맘,2020-06-03 10:11,정말반가운좀머씨 이야기 중학생때였나?그때 읽었던거 같은데전 너무 재미있었는데.친구들은 별로라고.해서 그뒤로는잊고살았는데 오디오북으로 책을읽어주니 성우님목소리덕분에 더 많은 상상할수있게 해주네요감사합니다,좀머 씨 이야기,파트리크 쥐스킨트,유석
248,정민다현워킹맘,2020-06-03 10:10,,좀머 씨 이야기,파트리크 쥐스킨트,유석
249,you,2020-06-03 10:07,성우분 목소리가 너무 좋아요. 낭독에 맞춰 어릴때 읽었던 책 내용과 삽화가 떠올라서 기분 좋은 오디오북이었습니다.,좀머 씨 이야기,파트리크 쥐스킨트,유석
250,가마우지,2020-06-03 09:54,오디오북이 집중이 될까 싶었는데 연기를 하면서 읽어주시니 더 생생해서 이야기 속에 들어와있는 기분이에요!,좀머 씨 이야기,파트리크 쥐스킨트,유석
251,가마우지,2020-06-03 09:54,,좀머 씨 이야기,파트리크 쥐스킨트,유석
252,루빈,2020-06-03 09:39,중고등학교 시절 열심히 읽었던 기억이 새록새록 나요. 지금 다시 들어보니 어릴때와 느낌이 또 다르네요. 오랜만에 향수와 더불어 다시 정독하고 싶어요.덕분에 긴 출근길이 즐거웠어요. 오늘 퇴근길이 벌써 기다려지고 있어요.,좀머 씨 이야기,파트리크 쥐스킨트,유석
253,지란지교,2020-06-03 04:52,읽는거와 듣는거의 느낌이 이렇게 다를줄 몰랐습니다.한편의 라디오 사연을 듣는 것 처럼 좋네요.사춘기 시절을 같이 보낸 느낌 입니다.재미 있게 잘 들었습니다.,좀머 씨 이야기,파트리크 쥐스킨트,유석
254,버드나무,2020-06-03 01:51,"얘기는 많이 들어본 책이지만, 아직 읽어보지 못해서 궁금했어요. 이렇게 오디오북으로 들을 수 있어서 좋네요. 성우 분의 또렷한 발성과 연기 덕에 책 속의 내용이 더 잘 그려지는 것 같아요. 청감이 주는 색다른 경험은 책으로 꼭 한 번 완독해 보고 싶다는 생각이 들게 하네요. 좀머 아저씨의 기이한 일상과 행동이 여러가지를 느끼게 하는 것 같아요. 좋은 이벤트 덕에 잘 들었습니다.^^",좀머 씨 이야기,파트리크 쥐스킨트,유석
255,지니,2020-06-03 01:47,"정말 오래 전에 읽었던 작품인데, 이렇게 오디오북으로 들으니 색다른 느낌이네요. 한 소년의 눈에 비친 좀머 씨의 인생 이야기를 정말 소년 같은 성우님의 목소리로 들으니 더 특별하게 느껴지기도 하고요. 누군가 나에게만 이야기를 하는 것처럼 담담하면서도 친근하게 들려주는 목소리라 혼자 있는 시간에 오디오북을 들으면 정말 힐링하는 기분도 들 것 같아요!",좀머 씨 이야기,파트리크 쥐스킨트,유석
256,카르페디엠,2020-06-03 00:33,정말 좋아하는 책 중에 하나예요. 어쩌면.. 특이해 보이지만 누구나 혼자가 되고 싶은 마음이 있으니까 많이 공감했었네요,좀머 씨 이야기,파트리크 쥐스킨트,유석
257,뽀의침묵,2020-06-02 22:13,"제가 여기저기 추천해 주고 다니던 책인데, 정말 필요할 것 같은 사람에게 몇 해 전 제가 가진 책을 선물로 줬습니다. 오랜만에 오디오북으로 들으니 옛 생각도 나고, 평화로워지는 기분이 드네요.",좀머 씨 이야기,파트리크 쥐스킨트,유석
258,속한사람,2020-06-02 19:27,"성우님 목소리가 듣기 편안해요. 좀머씨이야기 내일은 귀로 듣고, 눈으로도 다시 볼 기회가 있었으면 좋겠어요 :)",좀머 씨 이야기,파트리크 쥐스킨트,유석
259,purg****,2020-07-08 23:41,오디오북 오백개 낭독해주시면 안되나여 ㅜㅜ,인터내셔널의 밤,박솔뫼,김새벽
260,wooo****,2020-06-18 01:05,새벽에 들으면 더 좋을 목소리.. 너무 좋아요,인터내셔널의 밤,박솔뫼,김새벽
261,요르,2020-06-03 22:46,김새벽 배우님 음색 너무 좋아요,인터내셔널의 밤,박솔뫼,김새벽
262,수연,2020-05-12 11:56,잘 듣고 갑늬다,인터내셔널의 밤,박솔뫼,김새벽
263,PDE,2020-04-27 15:28,새벽님의 깨알같은 부산 사투리를 들을 수 있다.... 😭 너무 좋아요.,인터내셔널의 밤,박솔뫼,김새벽
264,suga****,2020-09-05 14:08,세번째 작품 레드먼드이야기도 이지혜님 낭독으로 듣고싶어요 정말 너무훌륭하시네요. 감사합니다. 초록지붕집 앤부터 쭉 듣게되네요. 앤 시리즈 쭉 다 듣고싶어요. 시리즈 전부 녹음해주시면 안될까요?,빨강머리 앤 에이번리 이야기,루시 모드 몽고메리,이지혜
265,Hihk,2020-08-08 16:34,"목소리나 연기력은 아주 뛰어나나 다른 분들처럼 낭독하면 좋았을걸, 오래듣기 너무 부담스럽습니다. 특히 다이애나는 정신이상자 같아요.",빨강머리 앤 에이번리 이야기,루시 모드 몽고메리,이지혜
266,마왕폐하,2020-05-05 14:42,오디오북 빨강머리 앤 초록지붕 집 이야기는 샘플 듣다보니 집에 있는 종이책이더라구요. 그래서 에이번리 이야기 구매했어요. 근데 종이책 잘 안읽히면 초록지붕 집 이야기도 구매할지 모르겠어요^^;; 낭독자님 목소리 정말 집중 잘되는거 같아서 기대하고 있어요~잘 들을게요,빨강머리 앤 에이번리 이야기,루시 모드 몽고메리,이지혜
267,oja8****,2019-08-22 10:13,이지혜님 목소리로 듣는 명작..정말정말 좋아요. 세번째 작품 빨리듣고싶어요~^^,빨강머리 앤 에이번리 이야기,루시 모드 몽고메리,이지혜
268,읏짜,2019-08-09 02:35,빨강머리 앤 실명 에이번리?,빨강머리 앤 에이번리 이야기,루시 모드 몽고메리,이지혜
269,김선윤,2019-07-08 22:34,ㅎㅎ,빨강머리 앤 에이번리 이야기,루시 모드 몽고메리,이지혜
270,김지아,2020-04-20 10:21,구보씨의 일상을 듣지만 보는것 같은 기분이 드는 작품입니다..심리상태의 묘사와 시각적 표현이 인상적인데다 문성근님께서 낭독해주시니 듣는내내 머리속으로 영상이 그려졌습니다~ 여러번 듣게될 것 같은 작품입니다.,문성근이 읽는 박태원의 소설가 구보씨의 일일,박태원,문성근
271,가지경찰,2020-11-14 06:24,사연-와...진짜 이번 이야기는 제가 살면서 잴 어이없었던 이야기입니다.제가 격은건 아닌데 직접 본것입니다.내가 8살때 학교에서 친한친구 나*이랑 지우개를 받은거야.그리고 나서 영어 학원을 갔어.근데 거기에 있던 김**이가 자기도 지우개가 있는데 새 지우개를 쓰고 싶었나봐? 그래서 옷 소매에 지우개를 숨기고 나*이 한테 자기 지우개 없다고 지우개를 빌려달라는거야.근데 옷소매가 살짝 너덜너덜한거야.그래서 옆에서 보고있던 서*이가 “너 지우개 있잖아 “이러니까 그 김**이가 갑.자.기!!!!우는거 있지?!?!?!(답글),들어본 이야기,구병모 외 4인,구병모 외 4인
272,딸기,2020-11-12 16:21,응 여기가 사연클이야,들어본 이야기,구병모 외 4인,구병모 외 4인
273,져니,2020-11-12 14:33,?,들어본 이야기,구병모 외 4인,구병모 외 4인
274,가지경찰,2020-11-12 13:45,따알기야ㅑ,들어본 이야기,구병모 외 4인,구병모 외 4인
275,가지경찰,2020-11-12 13:06,여긴가??후후,들어본 이야기,구병모 외 4인,구병모 외 4인
276,uhmt****,2020-11-12 11:44,딸기언니 여기가 사연 클럽아야?,들어본 이야기,구병모 외 4인,구병모 외 4인
277,오렌지주스,2020-11-12 08:40,,들어본 이야기,구병모 외 4인,구병모 외 4인
278,도아인뎅,2020-11-12 08:26,여긴가?,들어본 이야기,구병모 외 4인,구병모 외 4인
279,정민,2020-06-25 22:27,한미리 성우님 낭독 정말 차분하고 좋네요.... 정말 감사해요,소년이 온다,한강,남도형 외 1인
280,irene,2020-05-19 00:26,남도형 성우 나오는거 맞나요?,소년이 온다,한강,남도형 외 1인
281,훙훙,2020-02-12 18:41,너무 조와요,소년이 온다,한강,남도형 외 1인
282,세상은,2019-09-29 22:52,잘들었어요,소년이 온다,한강,남도형 외 1인
283,ssung2,2019-09-24 09:04,소장하고 있는 책 입니다. 4월이 되면 문득 떠오르곤하는데 오디오북으로 등록되어있는걸 보니 반갑네요.,소년이 온다,한강,남도형 외 1인
284,조빵나네,2019-09-23 21:39,좋아요.,소년이 온다,한강,남도형 외 1인
285,장,2019-09-20 02:12,한미리님 목소리 너무 좋아요...지금까지 들어본 오디오 북 중 가장 마음에 들어요!!,소년이 온다,한강,남도형 외 1인
286,피그말리온,2019-09-18 21:17,샘플 들어봤는데 고저 없이 조용히 읊조리는 목소리가 감정이입을 방해하지 않고 물 흐르듯 귀에 들어오네요! 너무 좋아요...쉬는 날에 꼭 구매해서 들어야겠어요.,소년이 온다,한강,남도형 외 1인
287,srhj****,2019-07-19 10:45,정말 좋아요,소년이 온다,한강,남도형 외 1인
288,JIANGHONGLIAN,2020-09-12 08:01,너무 좋아요 근해서 데일카네기 전권 읽어주세요 ㅠㅠ 다 필요해요 모두 다 집에 전권 책이 다 있는데 오디오가 편해요 ㅠㅠ 부탁드립니다,데일 카네기 인간관계론,데일 카네기,민승우
289,Seouness,2020-09-08 20:53,그렇다 누구의 말이다 그는 그렇게 말했다 사실 그는 그랬다 이랬다 저랬다 그도 마찬가지다 책을 읽어라 마음이 답답해진다,데일 카네기 인간관계론,데일 카네기,민승우
290,서너개,2020-06-07 21:03,요즘같은 시기와는 약간의 온도차가 있는것 같네요성이 중요하다는 것을 강조하기만 할뿐 ..요즘은 그걸 모르는건 아닌데...원하는   그런 깊이의 부분은 아예 없어요 그저 책을 읽어라로 끝나네요,데일 카네기 인간관계론,데일 카네기,민승우
291,우유우헤헷,2020-06-06 01:47,서정적 느낌이 강해서 마음이 편안해지네요~^^,데일 카네기 인간관계론,데일 카네기,민승우
292,irene,2020-06-01 20:03,말 끝이 올라가는 부분이 많은거같은데 좀 더 자연스럽게 읽었으면 어땠을까요? 민승우님 다음 오디오북 기대됩니다,데일 카네기 인간관계론,데일 카네기,민승우
293,공공,2020-06-01 15:25,빌려서도 봐야겠네요,데일 카네기 인간관계론,데일 카네기,민승우
294,오,2020-06-01 14:19,정말 좋은책입니다,데일 카네기 인간관계론,데일 카네기,민승우
295,밍크,2020-06-01 10:49,프롤로그는  패스하세요..프롤로그 듣고 이 책 읽고 싶은 마음이 싹 사라지네요..,데일 카네기 인간관계론,데일 카네기,민승우
296,뚜룽,2020-04-20 23:23,이만 총총.. ㅋㅋㅋㅋㅋ,데일 카네기 인간관계론,데일 카네기,민승우
297,00,2020-04-20 20:24,"소크라테스가 대머리 벗겨진 40대를 넘긴 나이에 10대 소녀와 결혼한 것이 그의 명성에 아무런 영향을 미치지 못한 것은 그만큼 에페보필리아에 대한 경각심도, 여성청소년에 대한 보호도 없었던 미개한 시대였기 때문이겠죠. 헌데 그런 역겨운 내용이 현명한 사람의 예시로 쓰여지다니, 이 책을 사지 않아야 할 이유가 분명히 드러나는 대목인 듯 싶습니다.",데일 카네기 인간관계론,데일 카네기,민승우
298,smil****,2020-04-20 20:06,집중 잘돼요. 성우님 낭독 최고~!!!,데일 카네기 인간관계론,데일 카네기,민승우
299,손수경,2020-04-20 11:31,오늘 무료라 들어보고있는데 내용이 맘에 들어서 방금 종이책 주문했어요 옆에 두고두고 읽어야겠어요!,데일 카네기 인간관계론,데일 카네기,민승우
300,티파니,2020-04-20 10:07,민승우 성우님 목소리 매우 좋네요! 책하고도 잘 어울려요!,데일 카네기 인간관계론,데일 카네기,민승우
301,티파니,2020-04-20 10:07,,데일 카네기 인간관계론,데일 카네기,민승우
302,우나이 가가멜,2020-04-20 00:35,,데일 카네기 인간관계론,데일 카네기,민승우
303,담장이덩굴,2020-04-19 07:34,연기 할 때하고 달라서 놀랐어요ㅎㅎ 좀 아쉽다~,데일 카네기 인간관계론,데일 카네기,민승우
304,행복하게 살자,2020-04-07 11:09,휴대폰으로 구매후 재생에 실패했습니다 메세지가 나와요,데일 카네기 인간관계론,데일 카네기,민승우
305,제시카,2020-04-02 05:01,"이미 종이책을 소장하고 있어서 오디오북을 영구소장으로 구입하고 싶은데요 배경음악이 너무 거슬려서 구입이 꺼려져요 배경음악 때문에 성우 목소리에 집중이 안되고, 배경음악 자체가 기업 홍보 PPT에 삽입하는 사운드 같아요",데일 카네기 인간관계론,데일 카네기,민승우
