welaa,0,naver,0,,,podbbang,0,,,,,,,,,,
책,182,책,172,,,목소리,72,,,,,,,,,,
것,75,목소리,136,,,기대,38,,,,,,,,,,
성우,71,오디오북,114,,,감사,28,,,,,,,,,,
내용,70,감사,78,,,책,23,,,,,,,,,,
수,54,것,59,,,오디오북,20,,,,,,,,,,
목소리,49,성우,59,,,것,16,,,,,,,,,,
감사,40,수,48,,,내용,15,,,,,,,,,,
작가,40,내용,47,,,배우,15,,,,,,,,,,
오디오북,39,구매,43,,,최고,14,,,,,,,,,,
생각,39,때,38,,,굿,11,,,,,welaa,0,naver,0,podbbang,0
권,36,거,30,,,느낌,10,,,,,책,182,책,172,목소리,72
윌라,30,작가,29,,,추천,9,,,,,것,75,목소리,136,기대,38
소설,29,분,28,,,거,9,,,,,성우,71,오디오북,114,감사,28
우분,28,번,27,,,수,9,,,,,내용,70,감사,78,책,23
사람,27,낭독,27,,,작품,9,,,,,수,54,것,59,오디오북,20
시간,26,작품,27,,,때,9,,,,,,,,,,
최고,25,생각,25,,,마음,8,,,,,,,,,,
말,25,소설,25,,,성우,8,,,,,,,,,,
저,21,우분,25,,,나,8,,,,,,,,,,
분,20,시간,24,,,아이,8,,,,,,,,,,
거,20,나,24,,,편안,7,,,,,,,,,,
성,20,마음,22,,,집중,7,,,,,,,,,,
처음,20,연기,22,,,듯,7,,,,,,,,,,
공감,20,성,22,,,팟,7,,,,,,,,,,
이해,19,처음,22,,,구매,7,,,,,,,,,,
추천,19,아이,20,,,이야기,6,,,,,,,,,,
일,19,최고,20,,,작가,6,,,,,,,,,,
연기,18,사람,20,,,글,6,,,,,,,,,,
중,17,귀,19,,,ㄷ,6,,,,,,,,,,
이야기,17,오디오,19,,,낭독,6,,,,,,,,,,
몰입,17,글,19,,,유익,5,,,,,,,,,,
게,17,사랑,18,,,시대,5,,,,,,,,,,
글,16,게,18,,,제목,5,,,,,,,,,,
듯,16,덕분,17,,,잼,5,,,,,,,,,,
때,16,저,17,,,오디오,5,,,,,,,,,,
경제,16,대여,16,,,담배,5,,,,,,,,,,
아이,15,중,15,,,전,5,,,,,,,,,,
끝,15,배우,15,,,문학,5,,,,,,,,,,
나,15,편안,15,,,귀,5,,,,,,,,,,
번,15,힘,15,,,생각,5,,,,,,,,,,
집중,14,매력,14,,,앤,5,,,,,,,,,,
기대,14,기분,14,,,적,5,,,,,,,,,,
기억,13,이야기,14,,,콘텐츠,4,,,,,,,,,,
설명,13,년,14,,,시간,4,,,,,,,,,,
시작,13,듯,13,,,응원,4,,,,,,,,,,
느낌,13,감동,13,,,소리,4,,,,,,,,,,
흥미,12,공감,13,,,우분,4,,,,,,,,,,
부분,12,위로,13,,,삶,4,,,,,,,,,,
제,12,전,13,,,게,4,,,,,,,,,,
귀,12,말,12,,,우리,4,,,,,,,,,,
여자,11,행복,12,,,짱,4,,,,,,,,,,
하나,11,내,12,,,일,4,,,,,,,,,,
눈,11,앞,12,,,대박,4,,,,,,,,,,
내,10,독서,12,,,그,4,,,,,,,,,,
투자,10,클립,12,,,연기,4,,,,,,,,,,
삶,10,집중,12,,,굳,4,,,,,,,,,,
앞,10,중간,12,,,감정,4,,,,,,,,,,
돈,10,씨,12,,,방송,4,,,,,,,,,,
시대,10,느낌,12,,,노래,4,,,,,,,,,,
감동,10,우리,11,,,머리,4,,,,,,,,,,
코로나,10,몰입,11,,,부분,4,,,,,,,,,,
역사,10,드라마,11,,,씨,4,,,,,,,,,,
제목,10,눈,11,,,오랜만,4,,,,,,,,,,
힘,10,시리즈,11,,,컨텐츠,4,,,,,,,,,,
녹음,10,엄마,11,,,북,4,,,,,,,,,,
이용,9,소장,11,,,독서,3,,,,,,,,,,
속,9,부분,10,,,정형석,3,,,,,,,,,,
얘기,9,소리,10,,,밤,3,,,,,,,,,,
이,9,추천,10,,,기분,3,,,,,,,,,,
상황,9,무료,10,,,분,3,,,,,,,,,,
마음,9,결제,10,,,빵,3,,,,,,,,,,
걸,9,일,9,,,속,3,,,,,,,,,,
작품,9,데,9,,,사기,3,,,,,,,,,,
소리,9,하나,9,,,처음,3,,,,,,,,,,
중간,9,북,9,,,조아,3,,,,,,,,,,
마지막,8,눈물,9,,,캐,3,,,,,,,,,,
저자,8,박사,9,,,번,3,,,,,,,,,,
사랑,8,이해,9,,,재미,3,,,,,,,,,,
뭔지,8,솜,9,,,사람,3,,,,,,,,,,
낭독,8,고민,9,,,예전,3,,,,,,,,,,
베르베르,8,이제훈,9,,,저자,3,,,,,,,,,,
유익,8,정도,9,,,추억,3,,,,,,,,,,
데,7,선생,9,,,시절,3,,,,,,,,,,
오디오,7,이거,9,,,인생,3,,,,,,,,,,
김진명,7,때문,8,,,분위기,3,,,,,,,,,,
인생,7,도움,8,,,감동,3,,,,,,,,,,
현실,7,기대,8,,,앞,3,,,,,,,,,,
이상,7,시작,8,,,드라마,2,,,,,,,,,,
도움,7,음악,8,,,전집,2,,,,,,,,,,
직지,7,문장,8,,,미,2,,,,,,,,,,
사회,7,건,8,,,구입,2,,,,,,,,,,
베르나르,7,오버,8,,,모습,2,,,,,,,,,,
영화,7,기억,8,,,요오,2,,,,,,,,,,
초반,7,종이,8,,,데,2,,,,,,,,,,
말씀,7,힐링,8,,,몰입,2,,,,,,,,,,
공부,7,구입,8,,,나이,2,,,,,,,,,,
건지,7,인간,7,,,저,2,,,,,,,,,,
줄,7,삶,7,,,위로,2,,,,,,,,,,
편,7,티르,7,,,식,2,,,,,,,,,,
잼,7,약본,7,,,장발,2,,,,,,,,,,
좌파,6,편,7,,,파이팅,2,,,,,,,,,,
과학,6,재미,7,,,참고,2,,,,,,,,,,
굿,6,돈,7,,,말,2,,,,,,,,,,
자기,6,속,7,,,순간,2,,,,,,,,,,
년,6,걸,7,,,문,2,,,,,,,,,,
관심,6,사회,7,,,생동감,2,,,,,,,,,,
사실,6,재생,7,,,결제,2,,,,,,,,,,
부,6,이벤트,7,,,흥미,2,,,,,,,,,,
정도,6,낭독자,7,,,부모,2,,,,,,,,,,
리더,6,하루,7,,,걸,2,,,,,,,,,,
정치,6,음성,7,,,기억,2,,,,,,,,,,
대사,6,줄,7,,,팟캐스트,2,,,,,,,,,,
점,6,녹음,7,,,요시,2,,,,,,,,,,
결말,6,오은영,7,,,이지혜,2,,,,,,,,,,
역할,6,태리,6,,,여잘,2,,,,,,,,,,
발음,6,제,6,,,짐,2,,,,,,,,,,
다음,6,감정,6,,,여의도,2,,,,,,,,,,
개,6,다음,6,,,완전,2,,,,,,,,,,
건,6,대,6,,,다음,2,,,,,,,,,,
뭔가,6,이,6,,,학생,2,,,,,,,,,,
전,6,단어,6,,,께,2,,,,,,,,,,
등,5,댓글,6,,,소재,2,,,,,,,,,,
눈물,5,스님,6,,,음질,2,,,,,,,,,,
십,5,흥미,6,,,매력,2,,,,,,,,,,
후,5,집,6,,,전달,2,,,,,,,,,,
뭐,5,천,6,,,편,2,,,,,,,,,,
개인,5,당신,6,,,평화,2,,,,,,,,,,
드라마,5,순간,6,,,선택,2,,,,,,,,,,
가슴,5,자기,6,,,중학생,2,,,,,,,,,,
부자,5,캐릭터,6,,,강부자,2,,,,,,,,,,
대,5,개인,6,,,끝,2,,,,,,,,,,
스토리,5,페스트,6,,,만,2,,,,,,,,,,
강추,5,끝,6,,,불편,2,,,,,,,,,,
생활,5,결국,6,,,고통,2,,,,,,,,,,
흐름,5,살,6,,,친구,2,,,,,,,,,,
불편,5,마지막,6,,,학창,2,,,,,,,,,,
나중,5,나레이션,5,,,인물,2,,,,,,,,,,
자체,5,챕터,5,,,세상,2,,,,,,,,,,
우리,5,애거서,5,,,필요,2,,,,,,,,,,
기분,5,의미,5,,,데이터,2,,,,,,,,,,
차선,5,잠,5,,,줄,2,,,,,,,,,,
변화,5,응원,5,,,스트리밍,2,,,,,,,,,,
시,5,기회,5,,,공감,2,,,,,,,,,,
나무,5,크리스티,5,,,성,2,,,,,,,,,,
운동,5,모습,5,,,신고,2,,,,,,,,,,
주식,5,넷플릭스,5,,,묘사,2,,,,,,,,,,
아들,5,스토리,5,,,톤,2,,,,,,,,,,
경험,5,배,5,,,도전,2,,,,,,,,,,
때문,5,공부,5,,,최민식,2,,,,,,,,,,
세,5,동안,5,,,힐링,2,,,,,,,,,,
출퇴근,5,할머니,5,,,소름,2,,,,,,,,,,
필요,5,부탁,5,,,만화,2,,,,,,,,,,
오,5,적,5,,,무엇,2,,,,,,,,,,
지식,5,이영도,5,,,오늘,1,,,,,,,,,,
일상,4,오랜만,5,,,여유,1,,,,,,,,,,
프롤로그,4,만,5,,,경청,1,,,,,,,,,,
누구,4,얘기,5,,,검열,1,,,,,,,,,,
완독,4,자연,5,,,감상,1,,,,,,,,,,
성공,4,정리,5,,,뿐,1,,,,,,,,,,
여성,4,뭐,5,,,완벽,1,,,,,,,,,,
추월,4,속도,5,,,꿈,1,,,,,,,,,,
기계음,4,샘플,5,,,당책,1,,,,,,,,,,
뿐,4,역사,5,,,물,1,,,,,,,,,,
뒤,4,현실,5,,,오스카,1,,,,,,,,,,
텐데,4,장민혁,5,,,편견,1,,,,,,,,,,
건강,4,중요,5,,,근무,1,,,,,,,,,,
개연,4,상황,5,,,다력,1,,,,,,,,,,
문장,4,부모,5,,,장,1,,,,,,,,,,
세상,4,이상,5,,,실사구시,1,,,,,,,,,,
톤,4,지금,4,,,성근,1,,,,,,,,,,
병원,4,정유정,4,,,딜,1,,,,,,,,,,
미래,4,팬,4,,,후회,1,,,,,,,,,,
부모,4,퀄리티,4,,,경제,1,,,,,,,,,,
이유,4,시절,4,,,김유열,1,,,,,,,,,,
전달,4,자체,4,,,근대,1,,,,,,,,,,
재생,4,실패,4,,,잠청,1,,,,,,,,,,
존경,4,김명준,4,,,오발탄,1,,,,,,,,,,
어른,4,짜증,4,,,화면,1,,,,,,,,,,
심리,4,예전,4,,,광고,1,,,,,,,,,,
탈퇴,4,호라이즌,4,,,용량,1,,,,,,,,,,
재미,4,반복,4,,,명작,1,,,,,,,,,,
명,4,장면,4,,,호수,1,,,,,,,,,,
회사,4,후회,4,,,서리,1,,,,,,,,,,
중요,4,전집,4,,,너,1,,,,,,,,,,
본인,4,머리,4,,,얘기,1,,,,,,,,,,
사이,4,ㄷ,4,,,구성,1,,,,,,,,,,
집,4,가슴,4,,,낮,1,,,,,,,,,,
짱,4,사례,4,,,덕,1,,,,,,,,,,
자신,4,정신,4,,,경험,1,,,,,,,,,,
댓글,4,강연,4,,,심장,1,,,,,,,,,,
교육,4,법정,4,,,북스,1,,,,,,,,,,
위,4,땐,4,,,수거,1,,,,,,,,,,
방법,4,결혼,4,,,가족,1,,,,,,,,,,
딕션,4,요약,4,,,박물관,1,,,,,,,,,,
대박,4,권,4,,,년,1,,,,,,,,,,
만,4,발음,4,,,보이스,1,,,,,,,,,,
다운,4,위,4,,,띠,1,,,,,,,,,,
서적,4,앱,4,,,동주,1,,,,,,,,,,
묘사,4,이후,4,,,양식,1,,,,,,,,,,
답,3,세상,4,,,할인,1,,,,,,,,,,
상태,3,완전,4,,,애,1,,,,,,,,,,
고민,3,완독,4,,,실재,1,,,,,,,,,,
상상,3,배경,4,,,희망,1,,,,,,,,,,
수준,3,정보,4,,,딕션,1,,,,,,,,,,
발전,3,한지민,4,,,초등학생,1,,,,,,,,,,
분위기,3,실감,4,,,정형,1,,,,,,,,,,
한편,3,쌤,4,,,여,1,,,,,,,,,,
구분,3,불편,4,,,사용,1,,,,,,,,,,
나름,3,한국,4,,,소년,1,,,,,,,,,,
정리,3,대생,4,,,요금제,1,,,,,,,,,,
종이,3,이번,4,,,자연,1,,,,,,,,,,
인상,3,마새,4,,,상상력,1,,,,,,,,,,
법,3,오늘,4,,,허지웅,1,,,,,,,,,,
차,3,스페셜,4,,,오만,1,,,,,,,,,,
만족,3,윤동기,4,,,디테일,1,,,,,,,,,,
금융,3,실천,4,,,관련,1,,,,,,,,,,
오랜만,3,원,4,,,트,1,,,,,,,,,,
이번,3,필요,4,,,날,1,,,,,,,,,,
서비스,3,김,4,,,레전드,1,,,,,,,,,,
실감,3,제목,4,,,미안,1,,,,,,,,,,
정신,3,인물,4,,,공포,1,,,,,,,,,,
편향,3,십,4,,,안정,1,,,,,,,,,,
미국,3,날,4,,,부탁,1,,,,,,,,,,
분석,3,누가,3,,,라,1,,,,,,,,,,
그림,3,메세지,3,,,아이돌,1,,,,,,,,,,
건가요,3,뒤,3,,,정신,1,,,,,,,,,,
부동산,3,여성,3,,,구,1,,,,,,,,,,
겁니다,3,뿐,3,,,힌,1,,,,,,,,,,
노력,3,간,3,,,동안,1,,,,,,,,,,
여운,3,뭔가,3,,,리뷰,1,,,,,,,,,,
기존,3,미스트,3,,,무언가,1,,,,,,,,,,
트,3,최근,3,,,딘,1,,,,,,,,,,
교수,3,건가요,3,,,가운데,1,,,,,,,,,,
이거,3,라디오,3,,,사과,1,,,,,,,,,,
엄마,3,도서관,3,,,핀잔,1,,,,,,,,,,
가치,3,역할,3,,,유어,1,,,,,,,,,,
과거,3,애기씨,3,,,다운로드,1,,,,,,,,,,
약속,3,단편,3,,,요성,1,,,,,,,,,,
호기심,3,상처,3,,,심정,1,,,,,,,,,,
장면,3,코로나,3,,,신기,1,,,,,,,,,,
자기계,3,케이토,3,,,장난,1,,,,,,,,,,
명견만리,3,화,3,,,칭찬,1,,,,,,,,,,
흡입력,3,시대,3,,,코미디,1,,,,,,,,,,
죽음,3,리딩,3,,,가짜,1,,,,,,,,,,
구독,3,나이,3,,,겨울,1,,,,,,,,,,
라디오,3,전체,3,,,오류,1,,,,,,,,,,
지금,3,찌질,3,,,의견,1,,,,,,,,,,
반복,3,ㄱ,3,,,한국,1,,,,,,,,,,
동안,3,구체,3,,,랍,1,,,,,,,,,,
주제,3,표현,3,,,리스트,1,,,,,,,,,,
실천,3,감상,3,,,이동,1,,,,,,,,,,
정확,3,베넷,3,,,문성근,1,,,,,,,,,,
의견,3,묘사,3,,,목회,1,,,,,,,,,,
배경,3,완벽,3,,,해석,1,,,,,,,,,,
북,3,서점,3,,,말장난,1,,,,,,,,,,
구입,3,도시,3,,,강의,1,,,,,,,,,,
기회,3,그,3,,,성진환,1,,,,,,,,,,
용어,3,쇼코,3,,,선,1,,,,,,,,,,
시연,3,의도,3,,,그림,1,,,,,,,,,,
클래스,3,영구,3,,,입원,1,,,,,,,,,,
아쉬움,3,가격,3,,,유병재,1,,,,,,,,,,
전체,3,백,3,,,관점,1,,,,,,,,,,
번역,3,절,3,,,기모,1,,,,,,,,,,
맘,3,텐데,3,,,강경애,1,,,,,,,,,,
최근,3,실격,3,,,넹,1,,,,,,,,,,
그,3,민음사,3,,,영원,1,,,,,,,,,,
중심,3,전달,3,,,아빠,1,,,,,,,,,,
무엇,3,사건,3,,,쥘베른,1,,,,,,,,,,
이후,3,여기,3,,,배,1,,,,,,,,,,
부탁,3,존재,3,,,돈,1,,,,,,,,,,
종목,3,애,3,,,며칠,1,,,,,,,,,,
천,3,분위기,3,,,만족,1,,,,,,,,,,
분야,3,인,3,,,딸,1,,,,,,,,,,
서술,3,죽음,3,,,소통,1,,,,,,,,,,
요점,3,이보영,3,,,게요,1,,,,,,,,,,
모습,3,밤,3,,,본인,1,,,,,,,,,,
이것,3,이틀,3,,,억기,1,,,,,,,,,,
언어,3,경험,3,,,하루,1,,,,,,,,,,
리딩,3,육아,3,,,무제,1,,,,,,,,,,
배속,3,등장인물,3,,,리트,1,,,,,,,,,,
상식,3,경음,3,,,유료,1,,,,,,,,,,
전문,3,준,3,,,감성,1,,,,,,,,,,
타임,3,대응,3,,,조,1,,,,,,,,,,
모두,2,셰익스피어,3,,,지하촌,1,,,,,,,,,,
인문학,2,아무,3,,,등장,1,,,,,,,,,,
웃음,2,바,3,,,확장,1,,,,,,,,,,
가지,2,대박,3,,,멋,1,,,,,,,,,,
계기,2,화해,3,,,처리,1,,,,,,,,,,
바램,2,딕션,3,,,예의,1,,,,,,,,,,
간,2,원작,3,,,숙연,1,,,,,,,,,,
특정,2,허지웅,3,,,통근,1,,,,,,,,,,
실질,2,여운,3,,,발음,1,,,,,,,,,,
호황,2,여자,3,,,오랫만,1,,,,,,,,,,
서재,2,고생,3,,,가정,1,,,,,,,,,,
머릿속,2,조절,3,,,유혹,1,,,,,,,,,,
김상백,2,미소,3,,,민,1,,,,,,,,,,
찰떡,2,이게,3,,,세관,1,,,,,,,,,,
캐릭터,2,이건,3,,,자연인,1,,,,,,,,,,
보수,2,영선,3,,,오지혜,1,,,,,,,,,,
판단,2,존경,3,,,중,1,,,,,,,,,,
진행,2,어른,3,,,저당,1,,,,,,,,,,
이게,2,등장,3,,,연암,1,,,,,,,,,,
행동,2,도,3,,,소식,1,,,,,,,,,,
시리즈,2,거리,3,,,발전,1,,,,,,,,,,
사용,2,선물,3,,,자랑,1,,,,,,,,,,
감상,2,톤,3,,,주근깨,1,,,,,,,,,,
위로,2,남,3,,,권,1,,,,,,,,,,
무제한,2,대사,3,,,뭔가,1,,,,,,,,,,
이틀,2,다아시,3,,,퇴근길,1,,,,,,,,,,
열정,2,주말,3,,,등록증,1,,,,,,,,,,
김,2,스스로,3,,,악,1,,,,,,,,,,
결제,2,법,3,,,여름밤,1,,,,,,,,,,
신,2,출간,3,,,여름,1,,,,,,,,,,
요성,2,참여,3,,,전쟁,1,,,,,,,,,,
취향,2,유머,3,,,님,1,,,,,,,,,,
관계,2,친구,3,,,셀프,1,,,,,,,,,,
산업,2,다운로드,3,,,눈,1,,,,,,,,,,
리,2,투자,3,,,초반,1,,,,,,,,,,
영향,2,요즘,2,,,선생,1,,,,,,,,,,
주인공,2,초이스,2,,,후,1,,,,,,,,,,
주변,2,반성,2,,,내,1,,,,,,,,,,
아빠,2,참석,2,,,이번,1,,,,,,,,,,
크로스,2,환불,2,,,책장,1,,,,,,,,,,
가입,2,글자,2,,,요귀,1,,,,,,,,,,
의식,2,동물농장,2,,,상태,1,,,,,,,,,,
정책,2,생활,2,,,표류기,1,,,,,,,,,,
진보,2,대화,2,,,교육,1,,,,,,,,,,
시장,2,영상,2,,,망설임,1,,,,,,,,,,
고구려,2,특급,2,,,재능,1,,,,,,,,,,
중반,2,삽입,2,,,학급,1,,,,,,,,,,
설이,2,충격,2,,,역본,1,,,,,,,,,,
사도,2,유익,2,,,흡입력,1,,,,,,,,,,
만큼,2,지하철,2,,,이윤,1,,,,,,,,,,
출퇴근길,2,박정민,2,,,가요,1,,,,,,,,,,
부담,2,선호,2,,,사마천,1,,,,,,,,,,
며칠,2,설마,2,,,배역,1,,,,,,,,,,
계발,2,예고편,2,,,맘,1,,,,,,,,,,
장기,2,고통,2,,,메시지,1,,,,,,,,,,
여주,2,선택,2,,,안도감,1,,,,,,,,,,
밀리,2,말투,2,,,자,1,,,,,,,,,,
소장,2,만족,2,,,프로그램,1,,,,,,,,,,
얼마,2,입장,2,,,에피소드,1,,,,,,,,,,
따름,2,나라,2,,,성운,1,,,,,,,,,,
시야,2,부자,2,,,추구,1,,,,,,,,,,
보통,2,조언,2,,,나세,1,,,,,,,,,,
인간,2,서정,2,,,방학,1,,,,,,,,,,
의도,2,추동,2,,,외면,1,,,,,,,,,,
살,2,새벽,2,,,사랑,1,,,,,,,,,,
남,2,듯이,2,,,모두,1,,,,,,,,,,
대화,2,터,2,,,공포물,1,,,,,,,,,,
의사,2,세정,2,,,중요,1,,,,,,,,,,
편안,2,아쉬움,2,,,만네,1,,,,,,,,,,
욱,2,말씀,2,,,이승열,1,,,,,,,,,,
추가,2,맘,2,,,상드리용,1,,,,,,,,,,
밑,2,필수,2,,,명불허전,1,,,,,,,,,,
비교,2,페이지,2,,,클럽,1,,,,,,,,,,
이론,2,누구,2,,,미국,1,,,,,,,,,,
달,2,연기력,2,,,한편,1,,,,,,,,,,
습관,2,꺼,2,,,브로,1,,,,,,,,,,
탑,2,딸,2,,,청취,1,,,,,,,,,,
한계,2,사모,2,,,남,1,,,,,,,,,,
그건,2,외,2,,,표현,1,,,,,,,,,,
자본주의,2,활동,2,,,이상,1,,,,,,,,,,
초,2,광주,2,,,꿀,1,,,,,,,,,,
산,2,기본,2,,,와일드,1,,,,,,,,,,
문맥,2,점,2,,,오,1,,,,,,,,,,
체험,2,며칠,2,,,내요,1,,,,,,,,,,
박사,2,출판사,2,,,자기,1,,,,,,,,,,
대로,2,설명,2,,,색,1,,,,,,,,,,
성인,2,혼자,2,,,ㄹ,1,,,,,,,,,,
리뷰,2,시민,2,,,밖,1,,,,,,,,,,
사장,2,깊이,2,,,구분,1,,,,,,,,,,
표현,2,내일,2,,,딩,1,,,,,,,,,,
지,2,문학가,2,,,세계,1,,,,,,,,,,
공산주의,2,영향,2,,,한예리,1,,,,,,,,,,
안정,2,결과,2,,,힘,1,,,,,,,,,,
현상,2,엔딩,2,,,대비,1,,,,,,,,,,
관련,2,감당,2,,,빨강,1,,,,,,,,,,
행복,2,김영선,2,,,케이,1,,,,,,,,,,
기업,2,리지,2,,,원,1,,,,,,,,,,
사업,2,초,2,,,최기,1,,,,,,,,,,
마련,2,가능,2,,,영화,1,,,,,,,,,,
삼,2,관심,2,,,요조,1,,,,,,,,,,
예시,2,리,2,,,엄두,1,,,,,,,,,,
겸손,2,기능,2,,,브로콜리너마저,1,,,,,,,,,,
구매,2,최태성,2,,,평점,1,,,,,,,,,,
남녀,2,출시,2,,,여기,1,,,,,,,,,,
전개,2,학창,2,,,구독,1,,,,,,,,,,
사건,2,직장,2,,,정진영,1,,,,,,,,,,
해석,2,청소년,2,,,누군가,1,,,,,,,,,,
그때,2,한국인,2,,,방법,1,,,,,,,,,,
강의,2,면,2,,,출퇴근,1,,,,,,,,,,
고고,2,영어,2,,,활동,1,,,,,,,,,,
드,2,추가,2,,,박지윤,1,,,,,,,,,,
코맹맹이,2,발견,2,,,에쎄,1,,,,,,,,,,
팬,2,상상,2,,,섭,1,,,,,,,,,,
나이,2,애신,2,,,구토,1,,,,,,,,,,
차단,2,밋,2,,,문장,1,,,,,,,,,,
세자,2,효과,2,,,이분,1,,,,,,,,,,
서로,2,아픔,2,,,철호,1,,,,,,,,,,
중앙은행,2,세,2,,,축복,1,,,,,,,,,,
비판,2,불면증,2,,,요정,1,,,,,,,,,,
전문가,2,비추,2,,,입감,1,,,,,,,,,,
숨소리,2,방법,2,,,예술가,1,,,,,,,,,,
분배,2,날개,2,,,시인,1,,,,,,,,,,
그게,2,틈,2,,,격려,1,,,,,,,,,,
식,2,누군가,2,,,편리,1,,,,,,,,,,
전공,2,가이드,2,,,문화,1,,,,,,,,,,
다큐,2,건가,2,,,가지,1,,,,,,,,,,
쏘,2,그때,2,,,이해,1,,,,,,,,,,
최악,2,울림,2,,,감격,1,,,,,,,,,,
골든,2,바이러스,2,,,도움,1,,,,,,,,,,
단순,2,흡입력,2,,,봉태규,1,,,,,,,,,,
연기력,2,옆,2,,,왕복,1,,,,,,,,,,
디테일,2,수고,2,,,미래,1,,,,,,,,,,
입장,2,라자,2,,,업,1,,,,,,,,,,
환자,2,주행,2,,,잠자리,1,,,,,,,,,,
전쟁,2,우신,2,,,컴,1,,,,,,,,,,
운전,2,마다,2,,,아무것,1,,,,,,,,,,
언급,2,평소,2,,,용기,1,,,,,,,,,,
표,2,감성,2,,,가격,1,,,,,,,,,,
남자,2,저자,2,,,청하,1,,,,,,,,,,
학생,2,구구단,2,,,질병,1,,,,,,,,,,
종잣돈,2,등등,2,,,삭제,1,,,,,,,,,,
반전,2,이유,2,,,요목,1,,,,,,,,,,
꿈,2,칭,2,,,딸아이,1,,,,,,,,,,
트레이닝,2,이용,2,,,단순,1,,,,,,,,,,
병행,2,패스,2,,,설명,1,,,,,,,,,,
독서,2,쯤,2,,,허무,1,,,,,,,,,,
신뢰,2,감탄,2,,,머리말,1,,,,,,,,,,
자식,2,꿀,2,,,호강,1,,,,,,,,,,
디,2,기간,2,,,면,1,,,,,,,,,,
경우,2,바람,2,,,공부,1,,,,,,,,,,
청소년,2,행동,2,,,가난,1,,,,,,,,,,
이건,2,겨울,2,,,종교,1,,,,,,,,,,
검증,2,노력,2,,,성격,1,,,,,,,,,,
준비,2,이미지,2,,,공작,1,,,,,,,,,,
선택,2,오버랩,2,,,소녀,1,,,,,,,,,,
이기,2,고립,2,,,권장,1,,,,,,,,,,
한국사,2,인문학,2,,,신데렐라,1,,,,,,,,,,
소통,2,도전,2,,,화이,1,,,,,,,,,,
거리,2,고전,2,,,병석,1,,,,,,,,,,
실망,2,살인,2,,,여행기,1,,,,,,,,,,
연극,2,로봇,2,,,성인,1,,,,,,,,,,
아버지,2,여러분,2,,,가즈,1,,,,,,,,,,
유투,2,악,2,,,작,1,,,,,,,,,,
케이,2,재테크,2,,,소설,1,,,,,,,,,,
페이지,2,왕,2,,,달,1,,,,,,,,,,
음악,2,다큐,2,,,지혜,1,,,,,,,,,,
연애,2,실력,2,,,종,1,,,,,,,,,,
반,2,달,2,,,달력,1,,,,,,,,,,
시각,2,후백,2,,,간,1,,,,,,,,,,
덕분,2,신용우,2,,,편도,1,,,,,,,,,,
문구,2,방식,2,,,옆,1,,,,,,,,,,
결론,2,대로,2,,,주민,1,,,,,,,,,,
세계,2,김이나,2,,,집안일,1,,,,,,,,,,
대통령,2,영화,2,,,프롤로그,1,,,,,,,,,,
통찰력,2,서비스,2,,,손,1,,,,,,,,,,
김연우,2,제인,2,,,걸리버,1,,,,,,,,,,
대부분,2,시점,2,,,자식,1,,,,,,,,,,
실제,2,도서,2,,,징계,1,,,,,,,,,,
시점,2,팔,2,,,건가요,1,,,,,,,,,,
신화,2,입감,2,,,채널,1,,,,,,,,,,
한참,2,명작,2,,,기능,1,,,,,,,,,,
집중력,2,오류,2,,,절망,1,,,,,,,,,,
폭,2,두기,2,,,이용,1,,,,,,,,,,
주행,2,정세랑,2,,,인,1,,,,,,,,,,
시민,2,프롤로그,2,,,콜러,1,,,,,,,,,,
입문,2,네뷸러,2,,,경찰,1,,,,,,,,,,
응원,2,찰나,2,,,감질,1,,,,,,,,,,
전략,2,곳,2,,,극,1,,,,,,,,,,
후회,2,완청,2,,,팬,1,,,,,,,,,,
노무,2,불행,2,,,유일,1,,,,,,,,,,
장난,2,주변,2,,,부담,1,,,,,,,,,,
거기,2,후기,2,,,수성,1,,,,,,,,,,
장,2,주문,2,,,동화,1,,,,,,,,,,
단편,2,무게,2,,,진동음,1,,,,,,,,,,
누가,2,걸로,2,,,실패,1,,,,,,,,,,
일자리,2,안,2,,,조선,1,,,,,,,,,,
기도,2,난,2,,,맛,1,,,,,,,,,,
마무리,2,대출,2,,,엄마,1,,,,,,,,,,
고개,2,트랙,2,,,발견,1,,,,,,,,,,
가난,2,패배,2,,,간지,1,,,,,,,,,,
제태,2,정혜신,2,,,일제,1,,,,,,,,,,
이름,2,양시,2,,,초등,1,,,,,,,,,,
통찰,2,패드,2,,,고립,1,,,,,,,,,,
출근길,2,개,2,,,단풍,1,,,,,,,,,,
금서,2,수정,2,,,봉,1,,,,,,,,,,
지지,2,소통,2,,,언제,1,,,,,,,,,,
만남,2,그것,2,,,아어,1,,,,,,,,,,
그동안,2,여지,2,,,러브,1,,,,,,,,,,
펀드,2,후반부,2,,,,,,,,,,,,,,
대한민국,2,무시,2,,,,,,,,,,,,,,
후반,2,잠자리,2,,,,,,,,,,,,,,
실물,2,정주,2,,,,,,,,,,,,,,
하루하루,2,다짐,2,,,,,,,,,,,,,,
과제,2,불법,2,,,,,,,,,,,,,,
자리,1,클럽,2,,,,,,,,,,,,,,
류,1,편견,2,,,,,,,,,,,,,,
감탄사,1,드래곤,2,,,,,,,,,,,,,,
층,1,목록,2,,,,,,,,,,,,,,
체력,1,이걸,2,,,,,,,,,,,,,,
설서,1,반전,2,,,,,,,,,,,,,,
무례,1,이파리,2,,,,,,,,,,,,,,
상품,1,단절,2,,,,,,,,,,,,,,
선입견,1,산소,2,,,,,,,,,,,,,,
연속극,1,코스모스,2,,,,,,,,,,,,,,
오늘,1,장르,2,,,,,,,,,,,,,,
직감,1,너,2,,,,,,,,,,,,,,
메세지,1,축,2,,,,,,,,,,,,,,
논문,1,앞부분,2,,,,,,,,,,,,,,
기간,1,오만,2,,,,,,,,,,,,,,
취미,1,발간,2,,,,,,,,,,,,,,
쓰레기,1,네이버,2,,,,,,,,,,,,,,
여기저기,1,입문,2,,,,,,,,,,,,,,
척,1,특강,2,,,,,,,,,,,,,,
누락,1,씬,2,,,,,,,,,,,,,,
다행,1,장,2,,,,,,,,,,,,,,
감독,1,문,2,,,,,,,,,,,,,,
높낮이,1,콜린스,2,,,,,,,,,,,,,,
압권,1,사운드,2,,,,,,,,,,,,,,
스트레스,1,원래,2,,,,,,,,,,,,,,
실체,1,주제,2,,,,,,,,,,,,,,
의미,1,열,2,,,,,,,,,,,,,,
연결,1,평,2,,,,,,,,,,,,,,
유,1,신경,2,,,,,,,,,,,,,,
글로벌,1,처리,2,,,,,,,,,,,,,,
화,1,탓,2,,,,,,,,,,,,,,
캐슬,1,알랭드보통,2,,,,,,,,,,,,,,
투리,1,시선,2,,,,,,,,,,,,,,
브,1,피해,1,,,,,,,,,,,,,,
소재,1,우성우,1,,,,,,,,,,,,,,
마르타,1,다이어트,1,,,,,,,,,,,,,,
옛날,1,저걸,1,,,,,,,,,,,,,,
자동,1,감정선,1,,,,,,,,,,,,,,
미츠,1,몸,1,,,,,,,,,,,,,,
요구,1,신문,1,,,,,,,,,,,,,,
예측,1,웅,1,,,,,,,,,,,,,,
염두,1,상실감,1,,,,,,,,,,,,,,
콘텐츠,1,개념,1,,,,,,,,,,,,,,
가속,1,민승,1,,,,,,,,,,,,,,
정적,1,여우,1,,,,,,,,,,,,,,
수사,1,역작,1,,,,,,,,,,,,,,
자녀,1,욱,1,,,,,,,,,,,,,,
세대,1,담자,1,,,,,,,,,,,,,,
선배,1,쪽,1,,,,,,,,,,,,,,
수고,1,할아버지,1,,,,,,,,,,,,,,
자료,1,명,1,,,,,,,,,,,,,,
망이,1,자극,1,,,,,,,,,,,,,,
완청,1,기자,1,,,,,,,,,,,,,,
퇴보,1,열연,1,,,,,,,,,,,,,,
틀,1,얘길,1,,,,,,,,,,,,,,
한자,1,낭송,1,,,,,,,,,,,,,,
나우,1,결말,1,,,,,,,,,,,,,,
병실,1,부정확,1,,,,,,,,,,,,,,
프레스,1,신세계,1,,,,,,,,,,,,,,
망,1,아나운서,1,,,,,,,,,,,,,,
희생,1,소진,1,,,,,,,,,,,,,,
장점,1,구독,1,,,,,,,,,,,,,,
성과,1,애기,1,,,,,,,,,,,,,,
산책,1,영부인,1,,,,,,,,,,,,,,
보고서,1,돼지,1,,,,,,,,,,,,,,
군대,1,무드,1,,,,,,,,,,,,,,
비염,1,전투,1,,,,,,,,,,,,,,
마다,1,내영,1,,,,,,,,,,,,,,
뒷바라지,1,계속,1,,,,,,,,,,,,,,
틈,1,여행,1,,,,,,,,,,,,,,
수영,1,알,1,,,,,,,,,,,,,,
당황,1,코드,1,,,,,,,,,,,,,,
이때,1,촬영,1,,,,,,,,,,,,,,
아무것,1,브랑,1,,,,,,,,,,,,,,
도서,1,동화,1,,,,,,,,,,,,,,
진정,1,예상,1,,,,,,,,,,,,,,
이동,1,최초,1,,,,,,,,,,,,,,
은,1,빛,1,,,,,,,,,,,,,,
컨설팅,1,첨,1,,,,,,,,,,,,,,
입도,1,이웃,1,,,,,,,,,,,,,,
북한,1,스트레스,1,,,,,,,,,,,,,,
걸까요,1,용기,1,,,,,,,,,,,,,,
토마,1,나름,1,,,,,,,,,,,,,,
제로,1,혼잡,1,,,,,,,,,,,,,,
어려움,1,보이스,1,,,,,,,,,,,,,,
조타,1,입도,1,,,,,,,,,,,,,,
머리,1,비평,1,,,,,,,,,,,,,,
보수주의,1,미셸,1,,,,,,,,,,,,,,
간직,1,편의,1,,,,,,,,,,,,,,
정의,1,박상영,1,,,,,,,,,,,,,,
딸,1,아르,1,,,,,,,,,,,,,,
쉴즈,1,기사,1,,,,,,,,,,,,,,
논리,1,라이브,1,,,,,,,,,,,,,,
충격,1,치료,1,,,,,,,,,,,,,,
순위,1,인상,1,,,,,,,,,,,,,,
작성,1,연애,1,,,,,,,,,,,,,,
딸아이,1,ㄴ,1,,,,,,,,,,,,,,
생산,1,리유,1,,,,,,,,,,,,,,
판타지,1,우왕,1,,,,,,,,,,,,,,
자본가,1,타루,1,,,,,,,,,,,,,,
거립니다,1,생명,1,,,,,,,,,,,,,,
루시,1,연예인,1,,,,,,,,,,,,,,
순삭,1,희망,1,,,,,,,,,,,,,,
프랑스,1,콜,1,,,,,,,,,,,,,,
추진,1,해석,1,,,,,,,,,,,,,,
악녀,1,판타지,1,,,,,,,,,,,,,,
우왕,1,순삭,1,,,,,,,,,,,,,,
오래,1,박정,1,,,,,,,,,,,,,,
본느,1,산둥,1,,,,,,,,,,,,,,
포,1,림프종,1,,,,,,,,,,,,,,
마케팅,1,쓸모,1,,,,,,,,,,,,,,
모델,1,당시,1,,,,,,,,,,,,,,
애,1,옛날,1,,,,,,,,,,,,,,
친구,1,설거지,1,,,,,,,,,,,,,,
측,1,아차,1,,,,,,,,,,,,,,
리플,1,공유,1,,,,,,,,,,,,,,
인류,1,근대,1,,,,,,,,,,,,,,
중후,1,최우선,1,,,,,,,,,,,,,,
대본,1,유발,1,,,,,,,,,,,,,,
원리,1,네이바,1,,,,,,,,,,,,,,
찌찌,1,웹,1,,,,,,,,,,,,,,
합본,1,멤버,1,,,,,,,,,,,,,,
나머지,1,행운,1,,,,,,,,,,,,,,
한염,1,세계,1,,,,,,,,,,,,,,
연락,1,쉽,1,,,,,,,,,,,,,,
성장기,1,티켓,1,,,,,,,,,,,,,,
개론,1,대학생,1,,,,,,,,,,,,,,
반증,1,대탈출,1,,,,,,,,,,,,,,
피해,1,영주,1,,,,,,,,,,,,,,
테,1,진진,1,,,,,,,,,,,,,,
주,1,유,1,,,,,,,,,,,,,,
신경,1,길잡이,1,,,,,,,,,,,,,,
깸,1,하퍼리,1,,,,,,,,,,,,,,
하나하나,1,인터뷰,1,,,,,,,,,,,,,,
마코,1,의사,1,,,,,,,,,,,,,,
관통,1,사고,1,,,,,,,,,,,,,,
금리,1,꼬리,1,,,,,,,,,,,,,,
물론,1,세월,1,,,,,,,,,,,,,,
씬,1,요조,1,,,,,,,,,,,,,,
잔,1,과언,1,,,,,,,,,,,,,,
검색,1,득템,1,,,,,,,,,,,,,,
심도,1,저승,1,,,,,,,,,,,,,,
좌,1,형식,1,,,,,,,,,,,,,,
판별,1,이동,1,,,,,,,,,,,,,,
문서,1,생애,1,,,,,,,,,,,,,,
진단,1,소식,1,,,,,,,,,,,,,,
유발,1,환장,1,,,,,,,,,,,,,,
몫,1,기계음,1,,,,,,,,,,,,,,
버전,1,테,1,,,,,,,,,,,,,,
타이밍,1,소개,1,,,,,,,,,,,,,,
경의,1,하루키,1,,,,,,,,,,,,,,
남도형,1,욕설,1,,,,,,,,,,,,,,
하아,1,도랏,1,,,,,,,,,,,,,,
숫자,1,김병수,1,,,,,,,,,,,,,,
제격,1,자신,1,,,,,,,,,,,,,,
어린아이,1,공장,1,,,,,,,,,,,,,,
반감,1,막,1,,,,,,,,,,,,,,
고민거리,1,스릴러,1,,,,,,,,,,,,,,
리그,1,용두사,1,,,,,,,,,,,,,,
적십자,1,아들딸,1,,,,,,,,,,,,,,
타격,1,테이프,1,,,,,,,,,,,,,,
속상,1,생김,1,,,,,,,,,,,,,,
죄악,1,아래,1,,,,,,,,,,,,,,
확인,1,유교,1,,,,,,,,,,,,,,
과포자,1,나열,1,,,,,,,,,,,,,,
찜,1,문제,1,,,,,,,,,,,,,,
위치,1,혹사,1,,,,,,,,,,,,,,
대인,1,타이밍,1,,,,,,,,,,,,,,
존함,1,덧,1,,,,,,,,,,,,,,
자인,1,만화,1,,,,,,,,,,,,,,
개선,1,요새,1,,,,,,,,,,,,,,
홍우,1,입시,1,,,,,,,,,,,,,,
또래,1,마술사,1,,,,,,,,,,,,,,
체계,1,추억,1,,,,,,,,,,,,,,
자존심,1,철퇴,1,,,,,,,,,,,,,,
수정,1,작사가,1,,,,,,,,,,,,,,
메리,1,롱,1,,,,,,,,,,,,,,
파킨슨병,1,개선,1,,,,,,,,,,,,,,
최대,1,요서,1,,,,,,,,,,,,,,
헨리조지,1,빵집,1,,,,,,,,,,,,,,
ㄱ,1,어투,1,,,,,,,,,,,,,,
생략,1,새끼,1,,,,,,,,,,,,,,
농담,1,동화책,1,,,,,,,,,,,,,,
평안,1,책임,1,,,,,,,,,,,,,,
입감,1,식,1,,,,,,,,,,,,,,
어투,1,권도일,1,,,,,,,,,,,,,,
깊이,1,탐색,1,,,,,,,,,,,,,,
지망생,1,필리아,1,,,,,,,,,,,,,,
원인,1,전자책,1,,,,,,,,,,,,,,
악바리,1,전시회,1,,,,,,,,,,,,,,
의문문,1,이입,1,,,,,,,,,,,,,,
메모,1,컴백,1,,,,,,,,,,,,,,
상반,1,오디,1,,,,,,,,,,,,,,
평소,1,영록,1,,,,,,,,,,,,,,
내내,1,짐,1,,,,,,,,,,,,,,
전환,1,연속,1,,,,,,,,,,,,,,
용,1,약간,1,,,,,,,,,,,,,,
를,1,기쁨,1,,,,,,,,,,,,,,
픽션,1,인거,1,,,,,,,,,,,,,,
감탄,1,클,1,,,,,,,,,,,,,,
억지,1,욕,1,,,,,,,,,,,,,,
땐,1,설득력,1,,,,,,,,,,,,,,
명품,1,소녀,1,,,,,,,,,,,,,,
대립,1,중단,1,,,,,,,,,,,,,,
인터뷰,1,기획,1,,,,,,,,,,,,,,
의아,1,업,1,,,,,,,,,,,,,,
요새,1,환호,1,,,,,,,,,,,,,,
금리정책,1,상관,1,,,,,,,,,,,,,,
누군지,1,안은영,1,,,,,,,,,,,,,,
정회원,1,하해,1,,,,,,,,,,,,,,
태도,1,구간,1,,,,,,,,,,,,,,
고막,1,세가,1,,,,,,,,,,,,,,
장사,1,이순신,1,,,,,,,,,,,,,,
스토브,1,자이툰,1,,,,,,,,,,,,,,
팀,1,여아,1,,,,,,,,,,,,,,
요즘,1,음색,1,,,,,,,,,,,,,,
극,1,시도,1,,,,,,,,,,,,,,
자연,1,옥,1,,,,,,,,,,,,,,
문체,1,얼굴,1,,,,,,,,,,,,,,
코세,1,억,1,,,,,,,,,,,,,,
신세계,1,사실,1,,,,,,,,,,,,,,
시이,1,중도,1,,,,,,,,,,,,,,
글자,1,여고,1,,,,,,,,,,,,,,
반성,1,놀라움,1,,,,,,,,,,,,,,
엄지원,1,그림자,1,,,,,,,,,,,,,,
교양서적,1,쓰,1,,,,,,,,,,,,,,
자분,1,만이,1,,,,,,,,,,,,,,
남성,1,추리,1,,,,,,,,,,,,,,
구별,1,원장,1,,,,,,,,,,,,,,
정답,1,나중,1,,,,,,,,,,,,,,
아저씨,1,지점,1,,,,,,,,,,,,,,
불명확,1,빙,1,,,,,,,,,,,,,,
총론,1,몰로토프,1,,,,,,,,,,,,,,
지배,1,인칭,1,,,,,,,,,,,,,,
편협,1,주인공,1,,,,,,,,,,,,,,
급상승,1,이질감,1,,,,,,,,,,,,,,
성악,1,뒷받침,1,,,,,,,,,,,,,,
일정,1,탱,1,,,,,,,,,,,,,,
체크,1,자유,1,,,,,,,,,,,,,,
납득,1,장각,1,,,,,,,,,,,,,,
뮤,1,혈안,1,,,,,,,,,,,,,,
건가,1,방법론,1,,,,,,,,,,,,,,
홍보,1,텍,1,,,,,,,,,,,,,,
억,1,센스,1,,,,,,,,,,,,,,
사연,1,짓거리,1,,,,,,,,,,,,,,
사이다,1,글귀,1,,,,,,,,,,,,,,
결과물,1,언어,1,,,,,,,,,,,,,,
아코,1,윤수,1,,,,,,,,,,,,,,
편도,1,고딩,1,,,,,,,,,,,,,,
게임기,1,본인,1,,,,,,,,,,,,,,
퇴고,1,다성,1,,,,,,,,,,,,,,
활동가,1,불교,1,,,,,,,,,,,,,,
저희,1,노이즈,1,,,,,,,,,,,,,,
씨,1,고농,1,,,,,,,,,,,,,,
소개,1,시력,1,,,,,,,,,,,,,,
내감,1,위안,1,,,,,,,,,,,,,,
필독서,1,재앙,1,,,,,,,,,,,,,,
억양,1,비교,1,,,,,,,,,,,,,,
무지한,1,대신,1,,,,,,,,,,,,,,
임수아,1,습관,1,,,,,,,,,,,,,,
사교육,1,할,1,,,,,,,,,,,,,,
평온,1,오프닝,1,,,,,,,,,,,,,,
음색,1,폭풍,1,,,,,,,,,,,,,,
고고고,1,자분,1,,,,,,,,,,,,,,
두리,1,장래,1,,,,,,,,,,,,,,
상기,1,댓,1,,,,,,,,,,,,,,
본능,1,혜택,1,,,,,,,,,,,,,,
프리미엄,1,세기,1,,,,,,,,,,,,,,
열,1,스타,1,,,,,,,,,,,,,,
장소,1,남성,1,,,,,,,,,,,,,,
재독,1,전해리,1,,,,,,,,,,,,,,
존,1,극,1,,,,,,,,,,,,,,
고아,1,탐욕,1,,,,,,,,,,,,,,
딘,1,분야,1,,,,,,,,,,,,,,
신문,1,평화,1,,,,,,,,,,,,,,
인척,1,선조,1,,,,,,,,,,,,,,
인력,1,유일,1,,,,,,,,,,,,,,
속마음,1,부담,1,,,,,,,,,,,,,,
통수,1,본,1,,,,,,,,,,,,,,
공존,1,삐삐,1,,,,,,,,,,,,,,
로키,1,지각,1,,,,,,,,,,,,,,
평가,1,스토어,1,,,,,,,,,,,,,,
템포,1,커버,1,,,,,,,,,,,,,,
미생,1,유명,1,,,,,,,,,,,,,,
주목,1,다,1,,,,,,,,,,,,,,
곳,1,브,1,,,,,,,,,,,,,,
항공,1,총체,1,,,,,,,,,,,,,,
예,1,얼마,1,,,,,,,,,,,,,,
저기,1,드,1,,,,,,,,,,,,,,
실패,1,소,1,,,,,,,,,,,,,,
편지,1,콕,1,,,,,,,,,,,,,,
구걸,1,밖,1,,,,,,,,,,,,,,
짜증,1,배역,1,,,,,,,,,,,,,,
저질,1,구,1,,,,,,,,,,,,,,
신사업,1,창문,1,,,,,,,,,,,,,,
통화,1,한지,1,,,,,,,,,,,,,,
감성,1,템포,1,,,,,,,,,,,,,,
왕복,1,제약,1,,,,,,,,,,,,,,
군,1,절충,1,,,,,,,,,,,,,,
단점,1,놈,1,,,,,,,,,,,,,,
덕,1,실망,1,,,,,,,,,,,,,,
유산,1,신용,1,,,,,,,,,,,,,,
의문,1,찰떡,1,,,,,,,,,,,,,,
연습,1,갈로,1,,,,,,,,,,,,,,
미술관,1,령기,1,,,,,,,,,,,,,,
트랜스젠더,1,보,1,,,,,,,,,,,,,,
로또,1,일반,1,,,,,,,,,,,,,,
소나기,1,지선,1,,,,,,,,,,,,,,
발암,1,답니다,1,,,,,,,,,,,,,,
상대,1,일기,1,,,,,,,,,,,,,,
애덤스미스,1,휴일,1,,,,,,,,,,,,,,
발명,1,정화,1,,,,,,,,,,,,,,
하가,1,군상,1,,,,,,,,,,,,,,
오랫동안,1,척,1,,,,,,,,,,,,,,
박식,1,현장,1,,,,,,,,,,,,,,
문제,1,고개,1,,,,,,,,,,,,,,
단번,1,지방,1,,,,,,,,,,,,,,
대처,1,무미건조,1,,,,,,,,,,,,,,
파트,1,경찰,1,,,,,,,,,,,,,,
한동안,1,그램,1,,,,,,,,,,,,,,
탈출,1,손,1,,,,,,,,,,,,,,
최신,1,겸,1,,,,,,,,,,,,,,
주세요,1,여생,1,,,,,,,,,,,,,,
피곤,1,승훈,1,,,,,,,,,,,,,,
문자,1,오랫동안,1,,,,,,,,,,,,,,
유용,1,스터스,1,,,,,,,,,,,,,,
등록,1,파트,1,,,,,,,,,,,,,,
슬픔,1,명나라,1,,,,,,,,,,,,,,
갠,1,내게,1,,,,,,,,,,,,,,
허진호,1,한동안,1,,,,,,,,,,,,,,
박정희,1,주세요,1,,,,,,,,,,,,,,
조성,1,감안,1,,,,,,,,,,,,,,
정작,1,혼란,1,,,,,,,,,,,,,,
의원,1,여담,1,,,,,,,,,,,,,,
무지,1,문자,1,,,,,,,,,,,,,,
고발,1,화가,1,,,,,,,,,,,,,,
험담,1,카드,1,,,,,,,,,,,,,,
저것,1,슬픔,1,,,,,,,,,,,,,,
은행,1,경과,1,,,,,,,,,,,,,,
시선,1,페이팔,1,,,,,,,,,,,,,,
성향,1,숙제,1,,,,,,,,,,,,,,
혜,1,토크,1,,,,,,,,,,,,,,
기운,1,경우,1,,,,,,,,,,,,,,
이슈,1,덕,1,,,,,,,,,,,,,,
진리,1,영국,1,,,,,,,,,,,,,,
청소,1,오리엔트,1,,,,,,,,,,,,,,
지문,1,출퇴근길,1,,,,,,,,,,,,,,
성직자,1,성격,1,,,,,,,,,,,,,,
부부,1,리암,1,,,,,,,,,,,,,,
매력,1,잡음,1,,,,,,,,,,,,,,
활용,1,땡,1,,,,,,,,,,,,,,
와인,1,법륜,1,,,,,,,,,,,,,,
오브,1,방,1,,,,,,,,,,,,,,
반영,1,쳔,1,,,,,,,,,,,,,,
불평,1,오동,1,,,,,,,,,,,,,,
불만,1,질주,1,,,,,,,,,,,,,,
사고방식,1,뇌,1,,,,,,,,,,,,,,
텍스트,1,연상,1,,,,,,,,,,,,,,
역량,1,이하,1,,,,,,,,,,,,,,
구성,1,헤밍웨이,1,,,,,,,,,,,,,,
학대,1,마법사,1,,,,,,,,,,,,,,
강습,1,의,1,,,,,,,,,,,,,,
안,1,다행,1,,,,,,,,,,,,,,
다수,1,일본,1,,,,,,,,,,,,,,
친밀,1,밤길,1,,,,,,,,,,,,,,
경영,1,외국어,1,,,,,,,,,,,,,,
베스트셀러,1,심문,1,,,,,,,,,,,,,,
방,1,재발,1,,,,,,,,,,,,,,
조남주,1,번역,1,,,,,,,,,,,,,,
이전,1,디테,1,,,,,,,,,,,,,,
병,1,텍스트,1,,,,,,,,,,,,,,
로켓,1,쳇,1,,,,,,,,,,,,,,
크기,1,무엇,1,,,,,,,,,,,,,,
완전,1,효과음,1,,,,,,,,,,,,,,
기초,1,희곡,1,,,,,,,,,,,,,,
계속,1,마인드,1,,,,,,,,,,,,,,
당신,1,가지,1,,,,,,,,,,,,,,
구성원,1,여름,1,,,,,,,,,,,,,,
소릴,1,권한,1,,,,,,,,,,,,,,
마녀,1,유목민,1,,,,,,,,,,,,,,
해,1,스윗,1,,,,,,,,,,,,,,
천재,1,베스트셀러,1,,,,,,,,,,,,,,
효과음,1,유투,1,,,,,,,,,,,,,,
사춘기,1,병,1,,,,,,,,,,,,,,
악몽,1,인정,1,,,,,,,,,,,,,,
물음표,1,담,1,,,,,,,,,,,,,,
민주당,1,가정,1,,,,,,,,,,,,,,
사유,1,차원,1,,,,,,,,,,,,,,
땅,1,할애,1,,,,,,,,,,,,,,
잡음,1,포함,1,,,,,,,,,,,,,,
그것,1,승리,1,,,,,,,,,,,,,,
필력,1,안녕,1,,,,,,,,,,,,,,
뭔가요,1,유럽,1,,,,,,,,,,,,,,
애증,1,조합,1,,,,,,,,,,,,,,
우,1,어머니,1,,,,,,,,,,,,,,
백종원,1,출근길,1,,,,,,,,,,,,,,
견해,1,숙젠데,1,,,,,,,,,,,,,,
핵,1,권장,1,,,,,,,,,,,,,,
마흔,1,진행,1,,,,,,,,,,,,,,
시조새,1,구요,1,,,,,,,,,,,,,,
엄두,1,자식,1,,,,,,,,,,,,,,
업데이트,1,제게,1,,,,,,,,,,,,,,
역자,1,김승호,1,,,,,,,,,,,,,,
강좌,1,맞수,1,,,,,,,,,,,,,,
적,1,독려,1,,,,,,,,,,,,,,
과정,1,카린,1,,,,,,,,,,,,,,
장단,1,속삭임,1,,,,,,,,,,,,,,
블록체인,1,슬래쉬,1,,,,,,,,,,,,,,
색,1,동물,1,,,,,,,,,,,,,,
제게,1,주입,1,,,,,,,,,,,,,,
나태주,1,지민,1,,,,,,,,,,,,,,
위암,1,만큼,1,,,,,,,,,,,,,,
기편,1,이프로,1,,,,,,,,,,,,,,
긍정,1,관념,1,,,,,,,,,,,,,,
진실,1,친절,1,,,,,,,,,,,,,,
김지영,1,젭,1,,,,,,,,,,,,,,
예상,1,장난기,1,,,,,,,,,,,,,,
우파,1,단편집,1,,,,,,,,,,,,,,
고지,1,침,1,,,,,,,,,,,,,,
비하인드,1,뽕,1,,,,,,,,,,,,,,
색깔,1,아이스크림,1,,,,,,,,,,,,,,
욕구,1,성공,1,,,,,,,,,,,,,,
빈곤,1,하성란,1,,,,,,,,,,,,,,
한글,1,개꿀,1,,,,,,,,,,,,,,
통쾌,1,월든,1,,,,,,,,,,,,,,
박수,1,대머리,1,,,,,,,,,,,,,,
나레이션,1,발리,1,,,,,,,,,,,,,,
전반,1,에페,1,,,,,,,,,,,,,,
이용자,1,마흔,1,,,,,,,,,,,,,,
공원,1,정확,1,,,,,,,,,,,,,,
여잔가,1,건지,1,,,,,,,,,,,,,,
만점,1,대처,1,,,,,,,,,,,,,,
자세,1,질문,1,,,,,,,,,,,,,,
내제,1,한편,1,,,,,,,,,,,,,,
국사,1,피로도,1,,,,,,,,,,,,,,
축구,1,구조,1,,,,,,,,,,,,,,
오빠,1,더빙,1,,,,,,,,,,,,,,
바다이야기,1,오빠,1,,,,,,,,,,,,,,
적응,1,피소,1,,,,,,,,,,,,,,
혼자,1,행,1,,,,,,,,,,,,,,
접근,1,출퇴근,1,,,,,,,,,,,,,,
판,1,보답,1,,,,,,,,,,,,,,
김상욱,1,하품,1,,,,,,,,,,,,,,
특집,1,주일,1,,,,,,,,,,,,,,
지인,1,내라,1,,,,,,,,,,,,,,
암호,1,사기,1,,,,,,,,,,,,,,
대학,1,생기,1,,,,,,,,,,,,,,
밍,1,클릭,1,,,,,,,,,,,,,,
수치,1,수준,1,,,,,,,,,,,,,,
투,1,전력,1,,,,,,,,,,,,,,
남주의,1,인터넷,1,,,,,,,,,,,,,,
잔인,1,진심,1,,,,,,,,,,,,,,
나열,1,잼,1,,,,,,,,,,,,,,
허구,1,존귀,1,,,,,,,,,,,,,,
현장감,1,자국,1,,,,,,,,,,,,,,
에디터,1,대여료,1,,,,,,,,,,,,,,
직원,1,격조,1,,,,,,,,,,,,,,
인구,1,클로버,1,,,,,,,,,,,,,,
영감,1,편지,1,,,,,,,,,,,,,,
일거리,1,현재,1,,,,,,,,,,,,,,
여러분,1,책장,1,,,,,,,,,,,,,,
순식간,1,초년,1,,,,,,,,,,,,,,
눈높이,1,후,1,,,,,,,,,,,,,,
표지,1,수술,1,,,,,,,,,,,,,,
서민,1,미라,1,,,,,,,,,,,,,,
기업가,1,만료,1,,,,,,,,,,,,,,
로직,1,면죄부,1,,,,,,,,,,,,,,
존중,1,한참,1,,,,,,,,,,,,,,
변두리,1,무언가,1,,,,,,,,,,,,,,
하나님,1,공주,1,,,,,,,,,,,,,,
서행,1,회장,1,,,,,,,,,,,,,,
엠제이,1,취소,1,,,,,,,,,,,,,,
현재,1,유트,1,,,,,,,,,,,,,,
뭔데,1,입문서,1,,,,,,,,,,,,,,
강조,1,신간,1,,,,,,,,,,,,,,
에오,1,우,1,,,,,,,,,,,,,,
불황,1,결재,1,,,,,,,,,,,,,,
요리사,1,소크라테스,1,,,,,,,,,,,,,,
석학,1,열차,1,,,,,,,,,,,,,,
청주,1,어딘가,1,,,,,,,,,,,,,,
텐데요,1,아이유,1,,,,,,,,,,,,,,
신참,1,환상,1,,,,,,,,,,,,,,
절반,1,광대,1,,,,,,,,,,,,,,
배우,1,특유,1,,,,,,,,,,,,,,
낭독자,1,파스타,1,,,,,,,,,,,,,,
증명,1,아침,1,,,,,,,,,,,,,,
엔지니어,1,과장,1,,,,,,,,,,,,,,
계단,1,근거,1,,,,,,,,,,,,,,
자각,1,차이,1,,,,,,,,,,,,,,
의료,1,운전,1,,,,,,,,,,,,,,
집필,1,언덕,1,,,,,,,,,,,,,,
질병,1,목차,1,,,,,,,,,,,,,,
북유럽,1,사리사욕,1,,,,,,,,,,,,,,
발성,1,직업,1,,,,,,,,,,,,,,
장만,1,참,1,,,,,,,,,,,,,,
방해,1,사이트,1,,,,,,,,,,,,,,
백,1,부인,1,,,,,,,,,,,,,,
영,1,음미,1,,,,,,,,,,,,,,
집착,1,작년,1,,,,,,,,,,,,,,
살림,1,정성,1,,,,,,,,,,,,,,
올해,1,사무실,1,,,,,,,,,,,,,,
투자처,1,활력,1,,,,,,,,,,,,,,
서,1,저음,1,,,,,,,,,,,,,,
만연,1,표시,1,,,,,,,,,,,,,,
주말,1,순식간,1,,,,,,,,,,,,,,
노래,1,보호,1,,,,,,,,,,,,,,
자동차,1,삭제,1,,,,,,,,,,,,,,
속도,1,마디,1,,,,,,,,,,,,,,
심기,1,가치,1,,,,,,,,,,,,,,
젠더,1,맛,1,,,,,,,,,,,,,,
가브리엘,1,호러,1,,,,,,,,,,,,,,
소용,1,잘못,1,,,,,,,,,,,,,,
스님,1,변신,1,,,,,,,,,,,,,,
냉혈한,1,소재,1,,,,,,,,,,,,,,
진중권,1,실용,1,,,,,,,,,,,,,,
위트,1,모두,1,,,,,,,,,,,,,,
기계,1,모바일,1,,,,,,,,,,,,,,
주눅,1,성장,1,,,,,,,,,,,,,,
상사,1,짓,1,,,,,,,,,,,,,,
잘못,1,강약,1,,,,,,,,,,,,,,
등장인물,1,안정,1,,,,,,,,,,,,,,
정보,1,어디,1,,,,,,,,,,,,,,
증시,1,화이팅,1,,,,,,,,,,,,,,
역사관,1,김두희,1,,,,,,,,,,,,,,
대학원생,1,퇴마,1,,,,,,,,,,,,,,
설,1,월,1,,,,,,,,,,,,,,
커플링,1,돌,1,,,,,,,,,,,,,,
매칭,1,언니,1,,,,,,,,,,,,,,
가능,1,프로,1,,,,,,,,,,,,,,
연령,1,유튜브,1,,,,,,,,,,,,,,
앱,1,지갑,1,,,,,,,,,,,,,,
목,1,쏘,1,,,,,,,,,,,,,,
성장,1,구절,1,,,,,,,,,,,,,,
간접,1,연대,1,,,,,,,,,,,,,,
확장,1,가설,1,,,,,,,,,,,,,,
대체,1,써니,1,,,,,,,,,,,,,,
왜곡,1,도중,1,,,,,,,,,,,,,,
루지,1,전염병,1,,,,,,,,,,,,,,
지능,1,아줌마,1,,,,,,,,,,,,,,
전투,1,황금가지,1,,,,,,,,,,,,,,
렌스,1,션,1,,,,,,,,,,,,,,
화면,1,합리,1,,,,,,,,,,,,,,
논픽션,1,보통,1,,,,,,,,,,,,,,
해제,1,란데,1,,,,,,,,,,,,,,
근무,1,스트라이크,1,,,,,,,,,,,,,,
나라,1,세분,1,,,,,,,,,,,,,,
자부심,1,점심,1,,,,,,,,,,,,,,
암울,1,휴대폰,1,,,,,,,,,,,,,,
희망,1,나머지,1,,,,,,,,,,,,,,
성찰,1,할인,1,,,,,,,,,,,,,,
경향,1,관계,1,,,,,,,,,,,,,,
방향,1,유쾌,1,,,,,,,,,,,,,,
행보,1,주장,1,,,,,,,,,,,,,,
관여,1,푸,1,,,,,,,,,,,,,,
아줌마,1,우연,1,,,,,,,,,,,,,,
요약,1,멋,1,,,,,,,,,,,,,,
화폐,1,청취,1,,,,,,,,,,,,,,
남잘,1,요귀,1,,,,,,,,,,,,,,
폭력,1,알란,1,,,,,,,,,,,,,,
전반부,1,일강,1,,,,,,,,,,,,,,
특별,1,획,1,,,,,,,,,,,,,,
우연,1,헤이스팅스,1,,,,,,,,,,,,,,
멋,1,핫,1,,,,,,,,,,,,,,
김보석,1,스마트,1,,,,,,,,,,,,,,
노고,1,버전,1,,,,,,,,,,,,,,
패스,1,관,1,,,,,,,,,,,,,,
균형,1,역시,1,,,,,,,,,,,,,,
이북,1,링크,1,,,,,,,,,,,,,,
영조,1,기력,1,,,,,,,,,,,,,,
일본,1,여유,1,,,,,,,,,,,,,,
고전,1,예시,1,,,,,,,,,,,,,,
고집,1,로텍,1,,,,,,,,,,,,,,
신빙,1,미,1,,,,,,,,,,,,,,
배,1,오스틴,1,,,,,,,,,,,,,,
이사,1,만세,1,,,,,,,,,,,,,,
일화,1,여행지,1,,,,,,,,,,,,,,
자랑,1,집중력,1,,,,,,,,,,,,,,
플,1,소름,1,,,,,,,,,,,,,,
수익,1,지체,1,,,,,,,,,,,,,,
펀,1,실행,1,,,,,,,,,,,,,,
불안,1,앙상블,1,,,,,,,,,,,,,,
발굴,1,주위,1,,,,,,,,,,,,,,
아저,1,머릿속,1,,,,,,,,,,,,,,
명언,1,망설,1,,,,,,,,,,,,,,
엔딩,1,회,1,,,,,,,,,,,,,,
직장,1,샘,1,,,,,,,,,,,,,,
월,1,휴식,1,,,,,,,,,,,,,,
일곱,1,시기,1,,,,,,,,,,,,,,
이윤,1,첫날,1,,,,,,,,,,,,,,
습,1,침대,1,,,,,,,,,,,,,,
소름,1,캐서린,1,,,,,,,,,,,,,,
편협성,1,의식,1,,,,,,,,,,,,,,
상당,1,피,1,,,,,,,,,,,,,,
특색,1,영,1,,,,,,,,,,,,,,
뽕,1,등,1,,,,,,,,,,,,,,
사,1,최은영,1,,,,,,,,,,,,,,
듯이,1,ㅁ,1,,,,,,,,,,,,,,
약간,1,구분,1,,,,,,,,,,,,,,
저능,1,진,1,,,,,,,,,,,,,,
따위,1,방콕,1,,,,,,,,,,,,,,
무장,1,흐름,1,,,,,,,,,,,,,,
말투,1,재탕,1,,,,,,,,,,,,,,
국가,1,서적,1,,,,,,,,,,,,,,
방식,1,ㅅ,1,,,,,,,,,,,,,,
쥐스킨트,1,용,1,,,,,,,,,,,,,,
염려,1,타이틀,1,,,,,,,,,,,,,,
열일,1,수상,1,,,,,,,,,,,,,,
여기,1,검색,1,,,,,,,,,,,,,,
그분,1,릴렉스,1,,,,,,,,,,,,,,
연대,1,론,1,,,,,,,,,,,,,,
컬리,1,여사,1,,,,,,,,,,,,,,
뉴스,1,루,1,,,,,,,,,,,,,,
정독,1,본래,1,,,,,,,,,,,,,,
무의미,1,먼가,1,,,,,,,,,,,,,,
원,1,경제,1,,,,,,,,,,,,,,
하란,1,보건,1,,,,,,,,,,,,,,
챕터,1,블로그,1,,,,,,,,,,,,,,
다섯,1,이전,1,,,,,,,,,,,,,,
순,1,남윤수,1,,,,,,,,,,,,,,
이승준,1,호랑이,1,,,,,,,,,,,,,,
노트,1,쏙,1,,,,,,,,,,,,,,
별건,1,란,1,,,,,,,,,,,,,,
지혜,1,아빠,1,,,,,,,,,,,,,,
방구석,1,갱,1,,,,,,,,,,,,,,
문학상,1,포인트,1,,,,,,,,,,,,,,
자막,1,짱,1,,,,,,,,,,,,,,
반성문,1,스타킹,1,,,,,,,,,,,,,,
차원,1,문제점,1,,,,,,,,,,,,,,
자긴,1,상태,1,,,,,,,,,,,,,,
환경,1,그간,1,,,,,,,,,,,,,,
섭렵,1,문학,1,,,,,,,,,,,,,,
성추행,1,우울,1,,,,,,,,,,,,,,
대변,1,영원,1,,,,,,,,,,,,,,
문제점,1,처방,1,,,,,,,,,,,,,,
팩,1,오리엔탈,1,,,,,,,,,,,,,,
댄브라운,1,투병기,1,,,,,,,,,,,,,,
미신,1,나침반,1,,,,,,,,,,,,,,
주도,1,유포,1,,,,,,,,,,,,,,
이분,1,이놈,1,,,,,,,,,,,,,,
인증,1,생동감,1,,,,,,,,,,,,,,
앞부분,1,혜민,1,,,,,,,,,,,,,,
소설가,1,재현,1,,,,,,,,,,,,,,
피로감,1,버튼,1,,,,,,,,,,,,,,
티비,1,클라,1,,,,,,,,,,,,,,
박,1,시,1,,,,,,,,,,,,,,
제시,1,호흡,1,,,,,,,,,,,,,,
제시카,1,콘텐츠,1,,,,,,,,,,,,,,
윤택,1,맛깔,1,,,,,,,,,,,,,,
유의,1,원사이드,1,,,,,,,,,,,,,,
유리,1,모야,1,,,,,,,,,,,,,,
별거,1,판매,1,,,,,,,,,,,,,,
에염,1,사자,1,,,,,,,,,,,,,,
내경험,1,랑베르,1,,,,,,,,,,,,,,
시스템,1,교사,1,,,,,,,,,,,,,,
리더십,1,자막,1,,,,,,,,,,,,,,
호흡,1,오,1,,,,,,,,,,,,,,
정당,1,행중,1,,,,,,,,,,,,,,
공감대,1,의문,1,,,,,,,,,,,,,,
훈련,1,사슴,1,,,,,,,,,,,,,,
욕심,1,트위터,1,,,,,,,,,,,,,,
세이,1,웃음,1,,,,,,,,,,,,,,
빙판,1,음절,1,,,,,,,,,,,,,,
타키,1,럽,1,,,,,,,,,,,,,,
파악,1,비판,1,,,,,,,,,,,,,,
개소,1,각자,1,,,,,,,,,,,,,,
구체,1,청춘,1,,,,,,,,,,,,,,
부정,1,사이,1,,,,,,,,,,,,,,
남잔가,1,정,1,,,,,,,,,,,,,,
미안,1,외로움,1,,,,,,,,,,,,,,
선생,1,당,1,,,,,,,,,,,,,,
노동자,1,타인,1,,,,,,,,,,,,,,
합성,1,정민,1,,,,,,,,,,,,,,
시퍼,1,경각심,1,,,,,,,,,,,,,,
직장인,1,해외,1,,,,,,,,,,,,,,
완벽,1,폭탄,1,,,,,,,,,,,,,,
욕,1,찰스,1,,,,,,,,,,,,,,
자청,1,전문,1,,,,,,,,,,,,,,
남로,1,특성,1,,,,,,,,,,,,,,
음질,1,설정,1,,,,,,,,,,,,,,
인터넷,1,청각,1,,,,,,,,,,,,,,
교만,1,짝꿍,1,,,,,,,,,,,,,,
로드맵,1,마자,1,,,,,,,,,,,,,,
문재인,1,취향,1,,,,,,,,,,,,,,
공백,1,수집,1,,,,,,,,,,,,,,
거북,1,고유,1,,,,,,,,,,,,,,
음량,1,복거리,1,,,,,,,,,,,,,,
파트너,1,현명,1,,,,,,,,,,,,,,
완결,1,기승전결,1,,,,,,,,,,,,,,
연준,1,메시지,1,,,,,,,,,,,,,,
내일,1,심정,1,,,,,,,,,,,,,,
감격,1,욥,1,,,,,,,,,,,,,,
무료,1,셀,1,,,,,,,,,,,,,,
책전,1,보상,1,,,,,,,,,,,,,,
인사이트,1,애정,1,,,,,,,,,,,,,,
아이돌,1,발,1,,,,,,,,,,,,,,
마자,1,그림,1,,,,,,,,,,,,,,
땜,1,대목,1,,,,,,,,,,,,,,
현명,1,쟈,1,,,,,,,,,,,,,,
숲,1,정독,1,,,,,,,,,,,,,,
사무직,1,입시생,1,,,,,,,,,,,,,,
밖,1,궁금증,1,,,,,,,,,,,,,,
투병,1,마주,1,,,,,,,,,,,,,,
기반,1,인트,1,,,,,,,,,,,,,,
엄현정,1,중심,1,,,,,,,,,,,,,,
인물,1,난국,1,,,,,,,,,,,,,,
길,1,멘탈,1,,,,,,,,,,,,,,
사고,1,독자,1,,,,,,,,,,,,,,
릴,1,이문희,1,,,,,,,,,,,,,,
전생,1,고백,1,,,,,,,,,,,,,,
관점,1,플,1,,,,,,,,,,,,,,
고,1,명상,1,,,,,,,,,,,,,,
낌,1,제시,1,,,,,,,,,,,,,,
이별,1,관련,1,,,,,,,,,,,,,,
금,1,스카웃,1,,,,,,,,,,,,,,
훈육,1,피드백,1,,,,,,,,,,,,,,
줄거리,1,일부,1,,,,,,,,,,,,,,
시행,1,홍후,1,,,,,,,,,,,,,,
바보짓,1,이것,1,,,,,,,,,,,,,,
시험,1,활자,1,,,,,,,,,,,,,,
실수,1,마무리,1,,,,,,,,,,,,,,
밋,1,이드,1,,,,,,,,,,,,,,
독자,1,민주,1,,,,,,,,,,,,,,
정기,1,명성,1,,,,,,,,,,,,,,
대중교통,1,면벌부,1,,,,,,,,,,,,,,
강요,1,걱정,1,,,,,,,,,,,,,,
이분법,1,어감,1,,,,,,,,,,,,,,
수록,1,,,,,,,,,,,,,,,,
양,1,,,,,,,,,,,,,,,,
상점,1,,,,,,,,,,,,,,,,
갈등,1,,,,,,,,,,,,,,,,
크리스탈,1,,,,,,,,,,,,,,,,
일부,1,,,,,,,,,,,,,,,,
피상,1,,,,,,,,,,,,,,,,
도조,1,,,,,,,,,,,,,,,,
거시경제,1,,,,,,,,,,,,,,,,
작물,1,,,,,,,,,,,,,,,,
미술,1,,,,,,,,,,,,,,,,
바람,1,,,,,,,,,,,,,,,,
삼성병원,1,,,,,,,,,,,,,,,,
